Year,Precinct,Full Time Positions,Budget,Borough,MURDER & NON NEGL. MANSLAUGHTER,RAPE,ROBBERY,FELONY ASSAULT,BURGLARY,GRAND LARCENY,GRAND LARCENY OF MOTOR VEHICLE,TOTAL SEVEN MAJOR FELONY OFFENSES,Population_Year
2006,1,219,11001943,MANHATTAN SOUTH,1,4,119,94,255,1462,78,2013,59431
2006,5,240,12354423,MANHATTAN SOUTH,2,5,132,104,152,605,40,1040,53356
2006,6,237,10716126,MANHATTAN SOUTH,3,6,214,123,280,1283,70,1979,61259
2006,7,174,7786080,MANHATTAN SOUTH,4,7,176,105,127,362,83,864,55703
2006,9,234,10190005,MANHATTAN SOUTH,1,14,252,165,297,775,75,1579,76639
2006,10,193,8623271,MANHATTAN SOUTH,4,10,174,151,179,860,91,1469,44024
2006,13,246,10839120,MANHATTAN SOUTH,2,9,311,149,443,1708,94,2716,91076
2006,17,207,9440082,MANHATTAN SOUTH,2,11,98,72,215,957,36,1391,75029
2006,19,277,12635716,MANHATTAN NORTH,1,12,252,106,488,1848,135,2842,203458
2006,20,191,8672961,MANHATTAN NORTH,1,7,148,84,145,883,59,1327,97843
2006,23,250,11356496,MANHATTAN NORTH,10,22,331,215,92,282,56,1008,72440
2006,24,213,9708632,MANHATTAN NORTH,5,10,258,131,155,647,107,1313,106048
2006,25,229,10068223,MANHATTAN NORTH,9,24,284,254,161,286,83,1101,45968
2006,26,176,7582096,MANHATTAN NORTH,0,12,250,102,102,367,56,889,49310
2006,28,212,9340289,MANHATTAN NORTH,12,18,308,196,173,344,54,1105,43013
2006,30,252,10892002,MANHATTAN NORTH,12,24,300,228,145,275,69,1053,60776
2006,32,264,11999550,MANHATTAN NORTH,17,32,411,361,208,354,92,1475,66822
2006,33,284,12211010,MANHATTAN NORTH,10,30,245,199,142,219,103,948,79102
2006,34,274,11983511,MANHATTAN NORTH,10,23,326,202,272,367,203,1403,114843
2006,40,329,13116563,Bronx,14,39,478,446,234,442,221,1874,87724
2006,41,240,10065880,Bronx,14,18,286,348,213,237,161,1277,51362
2006,42,237,10284423,Bronx,17,20,396,354,334,339,208,1668,74164
2006,43,377,15057372,Bronx,12,37,521,535,441,699,464,2709,165764
2006,44,386,14762864,Bronx,13,31,501,586,349,485,324,2289,144843
2006,45,203,8903483,Bronx,4,13,245,157,275,459,355,1508,116846
2006,46,379,14793947,Bronx,18,46,593,492,326,449,230,2154,126446
2006,47,283,12479895,Bronx,17,42,408,437,349,367,378,1998,147908
2006,48,258,11412129,Bronx,17,27,471,242,324,388,183,1652,80886
2006,49,205,9332626,Bronx,8,19,310,197,411,503,345,1793,112644
2006,50,195,8861008,Bronx,8,16,177,144,185,375,220,1125,99617
2006,52,304,13306485,Bronx,13,28,547,469,500,571,310,2438,136274
2006,60,234,10226857,BROOKLYN SOUTH,5,13,365,257,231,605,148,1624,102379
2006,61,213,9670525,BROOKLYN SOUTH,6,12,264,129,375,698,318,1802,155697
2006,62,200,8965475,BROOKLYN SOUTH,4,7,252,155,458,656,266,1798,175225
2006,63,175,8070399,BROOKLYN SOUTH,9,13,269,120,237,726,271,1645,107043
2006,66,201,8534885,BROOKLYN SOUTH,3,8,230,144,382,504,206,1477,185784
2006,67,334,12975075,BROOKLYN SOUTH,19,28,508,477,533,665,389,2619,152374
2006,68,175,8028526,BROOKLYN SOUTH,2,8,142,131,368,524,261,1436,119859
2006,69,181,8806885,BROOKLYN SOUTH,7,9,314,206,198,475,206,1415,81966
2006,70,300,12737164,BROOKLYN SOUTH,11,38,615,369,524,936,267,2760,159102
2006,71,274,12345890,BROOKLYN SOUTH,18,18,425,344,322,464,272,1863,97000
2006,72,220,9480537,BROOKLYN SOUTH,4,21,272,208,359,402,223,1489,123430
2006,73,300,12500000,BROOKLYN NORTH,22,35,605,565,301,445,176,2149,81652
2006,75,476,18415470,BROOKLYN NORTH,29,58,805,706,464,769,488,3319,176261
2006,76,150,7110742,BROOKLYN SOUTH,0,9,135,90,118,220,94,666,42156
2006,77,302,13185347,BROOKLYN NORTH,23,21,359,300,264,367,165,1499,86534
2006,78,189,8549674,BROOKLYN SOUTH,3,3,190,96,193,467,133,1085,64048
2006,79,314,13177918,BROOKLYN NORTH,23,35,536,431,373,430,168,1996,83952
2006,81,238,10279444,BROOKLYN NORTH,12,23,423,348,286,322,152,1566,60242
2006,83,309,13614310,BROOKLYN NORTH,6,35,520,403,539,306,263,2072,109543
2006,84,248,10716120,BROOKLYN NORTH,2,6,217,147,156,684,71,1283,41235
2006,88,198,8678442,BROOKLYN NORTH,11,6,263,143,186,469,120,1198,46240
2006,90,239,10692970,BROOKLYN NORTH,5,24,403,198,584,551,260,2025,111019
2006,94,159,7296113,BROOKLYN NORTH,1,3,148,94,240,256,210,952,49646
2006,100,145,6710445,QUEENS SOUTH,2,14,79,65,62,99,34,355,46754
2006,101,224,9832332,QUEENS SOUTH,7,22,166,148,84,149,65,641,64540
2006,102,205,9338122,QUEENS SOUTH,10,24,335,228,419,424,413,1853,140582
2006,103,308,13458789,QUEENS SOUTH,15,38,448,302,352,544,257,1956,99700
2006,104,208,9624890,QUEENS NORTH,3,29,309,144,525,514,456,1980,166686
2006,105,278,12817041,QUEENS SOUTH,9,41,423,254,520,551,424,2222,184327
2006,106,212,9370600,QUEENS SOUTH,3,27,394,176,332,378,386,1696,119661
2006,107,194,8909441,QUEENS SOUTH,3,19,322,121,433,688,396,1982,146989
2006,108,205,8920964,QUEENS NORTH,2,13,178,163,398,515,315,1584,103295
2006,109,251,11585341,QUEENS NORTH,6,20,261,208,466,1008,479,2448,238463
2006,110,226,9951212,QUEENS NORTH,6,44,439,229,441,759,242,2160,169267
2006,111,156,7497141,QUEENS NORTH,0,4,136,51,382,451,172,1196,114119
2006,112,175,8187163,QUEENS NORTH,0,8,203,62,221,675,226,1395,109002
2006,113,246,10401963,QUEENS SOUTH,6,31,392,323,387,707,334,2180,114096
2006,114,280,12414396,QUEENS NORTH,8,41,450,263,429,908,403,2502,200462
2006,115,233,10357993,QUEENS NORTH,5,38,425,301,427,665,308,2169,168552
2006,120,365,14612655,STATEN ISLAND,16,40,323,302,369,425,247,1722,109288
2006,122,229,10518299,STATEN ISLAND,2,14,103,90,194,535,265,1203,136754
2006,123,152,7225021,STATEN ISLAND,2,0,29,25,130,175,114,475,96949
2007,1,220,12140487,MANHATTAN SOUTH,0,7,128,90,231,1395,63,1914,61243
2007,5,245,9474430,MANHATTAN SOUTH,2,4,151,129,122,582,41,1031,53159
2007,6,240,11254960,MANHATTAN SOUTH,5,7,207,127,203,1214,74,1837,61500
2007,7,178,9164428,MANHATTAN SOUTH,2,7,222,123,118,328,56,856,55866
2007,9,237,10638169,MANHATTAN SOUTH,0,15,207,179,210,819,89,1519,76590
2007,10,197,9677355,MANHATTAN SOUTH,0,8,149,161,110,833,65,1326,45563
2007,13,250,11309790,MANHATTAN SOUTH,3,6,247,206,354,1644,80,2540,91717
2007,17,209,11072286,MANHATTAN SOUTH,1,6,94,72,139,920,45,1277,76053
2007,19,279,15274150,MANHATTAN NORTH,5,10,220,111,376,1715,145,2582,204658
2007,20,192,9733475,MANHATTAN NORTH,0,7,118,82,126,880,46,1259,99038
2007,23,253,13827056,MANHATTAN NORTH,10,21,297,203,109,274,70,984,72607
2007,24,219,10014310,MANHATTAN NORTH,2,13,250,110,149,584,69,1177,106151
2007,25,233,11867095,MANHATTAN NORTH,10,19,282,232,127,315,73,1058,46327
2007,26,176,9654595,MANHATTAN NORTH,2,8,206,93,71,347,53,780,49359
2007,28,212,11260762,MANHATTAN NORTH,4,12,278,167,97,286,42,886,43455
2007,30,254,11668678,MANHATTAN NORTH,5,18,324,235,119,219,55,975,60753
2007,32,266,14433205,MANHATTAN NORTH,9,30,351,305,189,309,85,1278,67852
2007,33,287,11466204,MANHATTAN NORTH,5,13,227,196,140,244,93,918,78566
2007,34,276,11541386,MANHATTAN NORTH,1,24,281,231,294,375,153,1359,114398
2007,40,327,17917621,BRONX,14,24,451,438,240,485,175,1827,88667
2007,41,239,11354503,BRONX,8,18,312,339,207,245,147,1276,51583
2007,42,238,11014146,BRONX,8,23,380,321,319,354,158,1563,75564
2007,43,375,16718187,BRONX,6,37,514,525,402,706,402,2592,167354
2007,44,385,20101749,BRONX,21,40,474,530,355,531,266,2217,145242
2007,45,205,10715377,BRONX,6,12,195,194,255,444,328,1434,117843
2007,46,380,19098063,BRONX,18,43,544,481,289,459,194,2028,126884
2007,47,286,13765330,BRONX,18,35,338,423,383,351,356,1904,149024
2007,48,259,12485385,BRONX,8,28,409,337,325,343,175,1625,81481
2007,49,205,11016221,BRONX,6,19,308,213,395,481,327,1749,113161
2007,50,199,10486524,BRONX,4,7,145,152,214,379,202,1103,100143
2007,52,305,16097519,BRONX,13,32,539,455,505,609,272,2425,137032
2007,60,235,11713570,BROOKLYN SOUTH,4,8,316,266,198,567,133,1492,102854
2007,61,214,10162209,BROOKLYN SOUTH,4,10,241,154,386,595,228,1618,156684
2007,62,200,9432760,BROOKLYN SOUTH,2,12,211,177,396,568,217,1583,176914
2007,63,176,9149346,BROOKLYN SOUTH,3,7,235,128,315,682,207,1577,107444
2007,66,202,9414494,BROOKLYN SOUTH,0,10,210,147,354,543,158,1422,187183
2007,67,337,16107113,BROOKLYN SOUTH,19,22,412,437,472,617,383,2362,153093
2007,68,176,9103868,BROOKLYN SOUTH,5,7,133,132,309,435,194,1215,121017
2007,69,182,9361181,BROOKLYN SOUTH,9,16,215,153,189,388,189,1159,82595
2007,70,299,19488096,BROOKLYN SOUTH,7,27,480,468,478,793,213,2466,159492
2007,71,277,11763154,BROOKLYN SOUTH,11,17,386,324,316,452,223,1729,97357
2007,72,221,9756210,BROOKLYN SOUTH,3,10,281,209,263,382,166,1314,124130
2007,73,299,17153443,BROOKLYN NORTH,28,33,569,550,280,469,198,2127,82856
2007,75,479,26803200,BROOKLYN NORTH,33,44,841,674,461,821,388,3262,178028
2007,76,151,7787237,BROOKLYN SOUTH,3,7,127,71,91,219,52,570,42535
2007,77,302,15313634,BROOKLYN NORTH,15,17,392,332,306,367,173,1602,87587
2007,78,191,9377920,BROOKLYN SOUTH,1,7,170,86,204,405,100,973,64702
2007,79,314,15513962,BROOKLYN NORTH,18,29,554,469,421,446,194,2131,85530
2007,81,235,11128584,BROOKLYN NORTH,20,24,392,313,297,372,121,1539,60862
2007,83,311,13164570,BROOKLYN NORTH,13,34,434,382,483,341,201,1888,110308
2007,84,247,14637533,BROOKLYN NORTH,2,5,228,166,159,647,53,1260,42975
2007,88,199,10062504,BROOKLYN NORTH,10,11,217,160,152,478,116,1144,47535
2007,90,239,13008775,BROOKLYN NORTH,3,14,424,202,362,526,195,1726,112473
2007,94,160,8660630,BROOKLYN NORTH,0,6,158,78,265,276,132,915,51296
2007,100,146,8459097,QUEENS SOUTH,1,6,74,84,51,114,37,367,47044
2007,101,228,10981403,QUEENS SOUTH,4,19,145,184,110,170,68,700,65171
2007,102,210,12009864,QUEENS SOUTH,1,24,323,233,392,408,322,1703,141490
2007,103,308,15564774,QUEENS SOUTH,8,27,426,293,318,598,230,1900,101226
2007,104,207,11546004,QUEENS NORTH,4,11,297,161,458,430,352,1713,167562
2007,105,279,13841170,QUEENS SOUTH,10,37,403,277,550,528,339,2144,185391
2007,106,213,11111038,QUEENS SOUTH,3,21,320,201,335,389,315,1584,120356
2007,107,195,10817704,QUEENS SOUTH,3,17,291,100,448,619,282,1760,148018
2007,108,204,10822646,QUEENS NORTH,1,16,206,130,331,498,261,1443,105771
2007,109,249,12909671,QUEENS NORTH,6,18,235,250,544,890,313,2256,240685
2007,110,224,11206725,QUEENS NORTH,4,44,400,224,434,738,163,2007,170108
2007,111,160,9362972,QUEENS NORTH,1,8,82,56,317,386,155,1005,114697
2007,112,175,9296875,QUEENS NORTH,3,6,114,54,267,575,163,1182,109769
2007,113,247,11740777,QUEENS SOUTH,13,36,454,332,413,706,318,2272,115605
2007,114,280,12983206,QUEENS NORTH,5,19,321,305,448,933,327,2358,201038
2007,115,234,14315984,QUEENS NORTH,5,36,341,261,408,623,271,1945,169308
2007,120,365,19021196,STATEN ISLAND,7,37,299,316,373,456,218,1706,110218
2007,122,232,12998769,STATEN ISLAND,3,8,131,89,293,513,222,1259,137311
2007,123,148,8399909,STATEN ISLAND,2,2,28,56,140,181,87,496,97220
2008,1,223,14165270,MANHATTAN SOUTH,1,12,108,83,189,1258,57,1708,63055
2008,5,195,9738430,MANHATTAN SOUTH,2,2,131,151,150,573,20,1029,52962
2008,6,220,11254960,MANHATTAN SOUTH,0,5,187,93,282,1131,40,1738,61742
2008,7,178,9164428,MANHATTAN SOUTH,3,11,182,91,104,340,76,807,56029
2008,9,212,10708169,MANHATTAN SOUTH,3,9,224,152,225,797,85,1495,76541
2008,10,197,9677355,MANHATTAN SOUTH,4,9,159,170,131,789,59,1321,47102
2008,13,245,11834790,MANHATTAN SOUTH,1,11,234,188,359,1642,83,2518,92358
2008,17,209,11076286,MANHATTAN SOUTH,1,8,83,75,166,891,45,1269,77077
2008,19,279,15299150,MANHATTAN NORTH,1,14,192,75,419,1580,90,2371,205858
2008,20,192,10137475,MANHATTAN NORTH,1,7,123,60,150,776,48,1165,100233
2008,23,242,13827056,MANHATTAN NORTH,3,15,326,202,95,272,87,1000,72773
2008,24,209,10048310,MANHATTAN NORTH,4,12,277,116,119,551,69,1148,106254
2008,25,234,12367095,MANHATTAN NORTH,4,17,321,211,121,334,55,1063,46686
2008,26,176,9897595,MANHATTAN NORTH,4,16,201,79,78,331,49,758,49409
2008,28,212,11433762,MANHATTAN NORTH,5,14,255,189,127,363,50,1003,43897
2008,30,219,11684678,MANHATTAN NORTH,3,12,293,172,123,223,62,888,60730
2008,32,276,14433205,MANHATTAN NORTH,13,35,280,329,174,315,58,1204,68882
2008,33,228,11531204,MANHATTAN NORTH,2,18,247,184,136,258,76,921,78030
2008,34,251,12665386,MANHATTAN NORTH,3,19,271,216,242,433,143,1327,113952
2008,40,327,17917621,BRONX,15,29,545,389,275,435,177,1865,89610
2008,41,239,12154503,BRONX,3,16,296,371,215,243,135,1279,51804
2008,42,238,11846146,BRONX,14,23,348,291,190,322,163,1351,76963
2008,43,350,16931187,BRONX,13,32,584,475,390,688,392,2574,168943
2008,44,401,20978749,BRONX,20,49,520,491,291,529,267,2167,145642
2008,45,215,11446377,BRONX,4,14,222,125,270,458,318,1411,118839
2008,46,380,19098063,BRONX,15,29,463,399,261,450,203,1820,127323
2008,47,286,13865330,BRONX,15,30,439,441,367,314,354,1960,150141
2008,48,275,14486385,BRONX,13,30,411,323,290,355,158,1580,82076
2008,49,225,12106221,BRONX,7,19,355,205,356,447,326,1715,113678
2008,50,199,10525524,BRONX,2,9,149,142,204,400,179,1085,100668
2008,52,349,17811519,BRONX,11,28,513,453,448,641,271,2365,137790
2008,60,235,11713570,BROOKLYN SOUTH,8,15,328,253,174,568,107,1453,103328
2008,61,214,10768209,BROOKLYN SOUTH,6,5,290,138,416,669,228,1752,157671
2008,62,200,9732760,BROOKLYN SOUTH,5,10,277,145,345,527,165,1474,178603
2008,63,184,9727346,BROOKLYN SOUTH,9,7,292,128,278,687,188,1589,107844
2008,66,202,10136494,BROOKLYN SOUTH,3,10,220,154,367,487,146,1387,188583
2008,67,337,16286113,BROOKLYN SOUTH,18,21,494,411,445,616,305,2310,153813
2008,68,176,9278868,BROOKLYN SOUTH,0,9,154,105,340,382,184,1174,122175
2008,69,188,9911181,BROOKLYN SOUTH,7,18,238,162,208,355,205,1193,83223
2008,70,393,19526096,BROOKLYN SOUTH,7,33,515,346,408,864,202,2375,159883
2008,71,278,13030154,BROOKLYN SOUTH,16,13,421,312,304,429,159,1654,97714
2008,72,221,10556210,BROOKLYN SOUTH,8,7,300,203,244,357,194,1313,124830
2008,73,333,17187443,BROOKLYN NORTH,31,29,597,520,312,502,163,2154,84060
2008,75,481,26903200,BROOKLYN NORTH,17,57,822,657,443,837,406,3239,179794
2008,76,151,8038237,BROOKLYN SOUTH,5,3,96,89,115,220,61,589,42918
2008,77,278,15387634,BROOKLYN NORTH,19,19,312,241,272,341,143,1347,88639
2008,78,192,10081920,BROOKLYN SOUTH,3,5,149,70,211,441,86,965,65356
2008,79,314,15551962,BROOKLYN NORTH,13,23,552,390,422,472,168,2040,87107
2008,81,236,11196584,BROOKLYN NORTH,16,10,375,288,291,310,106,1396,61482
2008,83,286,13764570,BROOKLYN NORTH,10,29,449,372,456,351,211,1878,111078
2008,84,271,14870533,BROOKLYN NORTH,1,4,247,150,146,593,58,1199,44715
2008,88,200,10125504,BROOKLYN NORTH,4,7,240,135,173,459,102,1120,48830
2008,90,239,13013775,BROOKLYN NORTH,6,10,432,222,428,628,166,1892,113927
2008,94,164,8979630,BROOKLYN NORTH,1,3,131,82,229,314,145,905,52946
2008,100,146,8464097,QUEENS SOUTH,5,7,75,87,66,124,29,393,47333
2008,101,229,11042403,QUEENS SOUTH,10,12,154,186,110,154,62,688,65802
2008,102,228,12368864,QUEENS SOUTH,8,27,338,212,329,455,339,1708,142398
2008,103,308,15574774,QUEENS SOUTH,13,32,475,326,290,515,201,1852,102751
2008,104,221,11629004,QUEENS NORTH,4,17,301,150,389,533,343,1737,168438
2008,105,281,14157170,QUEENS SOUTH,9,32,409,248,471,494,344,2007,186454
2008,106,214,11172038,QUEENS SOUTH,8,19,348,148,304,411,314,1552,121051
2008,107,200,10875704,QUEENS SOUTH,4,12,301,92,376,612,227,1624,149048
2008,108,206,10915646,QUEENS NORTH,3,9,211,112,295,516,211,1357,108247
2008,109,249,13435671,QUEENS NORTH,4,17,278,215,452,898,379,2243,242908
2008,110,225,11556725,QUEENS NORTH,3,34,391,258,334,772,169,1961,170950
2008,111,170,9373972,QUEENS NORTH,0,1,97,43,284,446,162,1033,115275
2008,112,175,9325875,QUEENS NORTH,1,3,139,74,186,522,141,1066,110536
2008,113,222,11822777,QUEENS SOUTH,15,36,402,334,445,725,326,2283,117114
2008,114,255,12983206,QUEENS NORTH,4,21,334,254,525,770,341,2249,201614
2008,115,290,14549984,QUEENS NORTH,4,37,379,284,371,580,258,1913,170064
2008,120,401,21172196,STATEN ISLAND,13,50,319,295,349,457,209,1692,111148
2008,122,256,13423769,STATEN ISLAND,7,11,115,95,289,570,170,1257,137868
2008,123,148,8424909,STATEN ISLAND,1,5,37,37,163,191,81,515,97490
2009,1,223,14165270,MANHATTAN SOUTH,2,4,106,83,207,1122,54,1578,64867
2009,5,195,9738430,MANHATTAN SOUTH,1,6,125,153,141,528,21,975,52765
2009,6,220,11254960,MANHATTAN SOUTH,1,9,147,106,232,1100,38,1633,61984
2009,7,178,9164428,MANHATTAN SOUTH,2,11,158,134,75,275,47,702,56192
2009,9,212,10708169,MANHATTAN SOUTH,4,16,197,157,284,807,58,1523,76492
2009,10,197,9677355,MANHATTAN SOUTH,1,6,131,121,98,728,48,1133,48641
2009,13,245,11834790,MANHATTAN SOUTH,1,9,199,163,354,1595,68,2389,92999
2009,17,209,11076286,MANHATTAN SOUTH,0,11,67,47,123,741,29,1018,78101
2009,19,279,15299150,MANHATTAN NORTH,2,10,149,68,322,1304,85,1940,207058
2009,20,192,10137475,MANHATTAN NORTH,5,4,99,59,120,729,40,1056,101428
2009,23,242,13827056,MANHATTAN NORTH,9,22,239,210,93,267,42,882,72939
2009,24,209,10048310,MANHATTAN NORTH,3,9,177,136,144,464,53,986,106357
2009,25,234,12367095,MANHATTAN NORTH,3,14,233,219,121,276,48,914,47045
2009,26,176,9897595,MANHATTAN NORTH,2,10,197,77,58,272,34,650,49458
2009,28,212,11433762,MANHATTAN NORTH,2,9,240,208,111,300,27,897,44339
2009,30,219,11684678,MANHATTAN NORTH,1,19,205,193,100,172,47,737,60707
2009,32,276,14433205,MANHATTAN NORTH,11,24,265,302,155,280,68,1105,69912
2009,33,228,11531204,MANHATTAN NORTH,3,15,225,199,134,231,69,876,77494
2009,34,251,12665386,MANHATTAN NORTH,2,17,250,198,254,379,138,1238,113507
2009,40,327,17917621,BRONX,14,24,408,422,252,369,156,1645,90553
2009,41,239,12154503,BRONX,6,12,224,405,215,292,89,1243,52025
2009,42,238,11846146,BRONX,15,24,267,303,164,251,118,1142,78362
2009,43,350,16931187,BRONX,13,47,503,491,418,631,320,2423,170532
2009,44,401,20978749,BRONX,11,32,408,585,308,501,201,2046,146041
2009,45,215,11446377,BRONX,1,15,200,168,303,463,293,1443,119836
2009,46,380,19098063,BRONX,13,24,396,432,215,349,139,1568,127761
2009,47,286,13865330,BRONX,18,23,429,436,379,294,309,1888,151257
2009,48,275,14486385,BRONX,7,25,382,362,286,327,130,1519,82671
2009,49,225,12106221,BRONX,7,11,266,214,404,450,240,1592,114195
2009,50,199,10525524,BRONX,1,8,133,112,191,373,195,1013,101194
2009,52,349,17811519,BRONX,7,24,513,403,502,547,223,2219,138548
2009,60,235,11713570,BROOKLYN SOUTH,9,10,240,213,149,533,96,1250,103803
2009,61,214,10768209,BROOKLYN SOUTH,3,10,191,142,310,484,162,1302,158658
2009,62,200,9732760,BROOKLYN SOUTH,7,6,205,150,330,474,160,1332,180292
2009,63,184,9727346,BROOKLYN SOUTH,6,12,257,154,241,596,174,1440,108245
2009,66,202,10136494,BROOKLYN SOUTH,8,14,180,171,394,442,154,1363,189982
2009,67,337,16286113,BROOKLYN SOUTH,18,24,408,475,432,499,272,2128,154532
2009,68,176,9278868,BROOKLYN SOUTH,1,6,118,79,219,407,156,986,123333
2009,69,188,9911181,BROOKLYN SOUTH,6,16,254,129,172,305,201,1083,83851
2009,70,393,19526096,BROOKLYN SOUTH,9,11,382,337,370,759,209,2077,160273
2009,71,278,13030154,BROOKLYN SOUTH,10,23,308,299,251,429,154,1474,98071
2009,72,221,10556210,BROOKLYN SOUTH,8,11,226,198,243,339,147,1172,125530
2009,73,333,17187443,BROOKLYN NORTH,21,37,541,570,266,449,127,2011,85264
2009,75,481,26903200,BROOKLYN NORTH,24,50,682,805,449,698,336,3044,181561
2009,76,151,8038237,BROOKLYN SOUTH,5,1,75,81,114,222,60,558,43304
2009,77,278,15387634,BROOKLYN NORTH,13,15,237,220,253,284,142,1164,89691
2009,78,192,10081920,BROOKLYN SOUTH,1,6,133,60,208,381,99,888,66010
2009,79,314,15551962,BROOKLYN NORTH,15,24,375,463,374,402,116,1769,88685
2009,81,236,11196584,BROOKLYN NORTH,13,11,327,247,261,311,116,1286,62102
2009,83,286,13764570,BROOKLYN NORTH,10,36,375,367,483,308,157,1736,111853
2009,84,271,14870533,BROOKLYN NORTH,1,3,153,120,112,549,55,993,46455
2009,88,200,10125504,BROOKLYN NORTH,3,4,196,138,182,403,88,1014,50125
2009,90,239,13013775,BROOKLYN NORTH,7,8,331,226,482,478,138,1670,115381
2009,94,164,8979630,BROOKLYN NORTH,3,2,119,71,221,307,122,845,54596
2009,100,146,8464097,QUEENS SOUTH,2,5,50,93,69,109,22,350,47623
2009,101,229,11042403,QUEENS SOUTH,8,21,129,171,113,150,67,659,66433
2009,102,228,12368864,QUEENS SOUTH,4,23,286,241,366,409,282,1611,143306
2009,103,308,15574774,QUEENS SOUTH,11,32,392,385,300,463,178,1761,104277
2009,104,221,11629004,QUEENS NORTH,2,13,279,184,450,500,297,1725,169314
2009,105,281,14157170,QUEENS SOUTH,9,32,344,237,433,464,362,1881,187518
2009,106,214,11172038,QUEENS SOUTH,4,11,245,166,313,388,272,1399,121746
2009,107,200,10875704,QUEENS SOUTH,3,12,260,90,289,479,216,1349,150077
2009,108,206,10915646,QUEENS NORTH,3,12,163,98,264,488,190,1218,110723
2009,109,249,13435671,QUEENS NORTH,3,13,276,211,417,808,290,2018,245131
2009,110,225,11556725,QUEENS NORTH,6,32,332,243,316,626,146,1701,171792
2009,111,170,9373972,QUEENS NORTH,1,4,87,41,242,394,169,938,115853
2009,112,175,9325875,QUEENS NORTH,2,6,116,65,177,408,97,871,111303
2009,113,222,11822777,QUEENS SOUTH,12,29,368,327,325,671,261,1993,118623
2009,114,255,12983206,QUEENS NORTH,4,22,313,269,466,745,228,2047,202190
2009,115,290,14549984,QUEENS NORTH,8,34,347,329,298,522,236,1774,170820
2009,120,401,21172196,STATEN ISLAND,12,44,256,298,306,375,214,1505,112078
2009,122,256,13423769,STATEN ISLAND,3,9,108,114,233,454,158,1079,138425
2009,123,148,8424909,STATEN ISLAND,1,4,35,50,102,171,51,414,97761
2010,1,223,27648441,MANHATAN SOUTH,2,6,96,68,170,1065,38,1445,66679
2010,5,195,9738430,MANHATAN SOUTH,1,10,106,128,127,582,15,969,52568
2010,6,220,11254960,MANHATAN SOUTH,1,13,148,94,176,1053,45,1530,62226
2010,7,178,9164428,MANHATAN SOUTH,1,11,130,126,101,284,49,702,56355
2010,9,212,10708169,MANHATAN SOUTH,4,14,189,151,220,759,50,1387,76443
2010,10,197,9677355,MANHATAN SOUTH,2,10,114,131,99,651,42,1049,50180
2010,13,245,11834790,MANHATAN SOUTH,3,13,192,140,252,1481,55,2136,93640
2010,17,209,11076286,MANHATAN SOUTH,0,8,56,54,96,745,31,990,79126
2010,19,279,15299150,MANHATTAN NORTH,1,16,144,96,234,1291,89,1871,208259
2010,20,192,10137475,MANHATTAN NORTH,1,11,90,56,101,678,33,970,102624
2010,23,242,13827056,MANHATTAN NORTH,5,26,248,217,94,252,36,878,73106
2010,24,209,10048310,MANHATTAN NORTH,2,11,192,102,124,528,45,1004,106460
2010,25,234,12367095,MANHATTAN NORTH,13,17,228,234,105,230,72,899,47405
2010,26,176,9897595,MANHATTAN NORTH,2,13,175,107,79,268,26,670,49508
2010,28,212,11433762,MANHATTAN NORTH,6,13,254,187,111,301,20,892,44781
2010,30,219,11684678,MANHATTAN NORTH,7,35,253,178,101,144,49,767,60685
2010,32,276,14433205,MANHATTAN NORTH,8,31,292,305,121,293,53,1103,70942
2010,33,228,11531204,MANHATTAN NORTH,4,21,246,174,102,271,66,884,76958
2010,34,251,12665386,MANHATTAN NORTH,4,22,282,220,190,385,97,1200,113062
2010,40,327,17917621,BRONX,14,23,444,435,200,430,126,1672,91497
2010,41,239,12154503,BRONX,5,20,283,399,210,274,80,1271,52246
2010,42,238,11846146,BRONX,13,20,324,318,150,230,123,1178,79762
2010,43,350,16931187,BRONX,14,35,537,509,384,574,253,2306,172122
2010,44,401,20978749,BRONX,14,33,515,558,276,396,202,1994,146441
2010,45,215,11446377,BRONX,1,19,239,180,308,480,207,1434,120833
2010,46,380,19098063,BRONX,12,23,437,410,208,295,131,1516,128200
2010,47,286,13865330,BRONX,23,37,437,427,373,309,359,1965,152374
2010,48,275,14486385,BRONX,5,20,400,368,254,321,122,1490,83266
2010,49,225,12106221,BRONX,10,23,317,262,379,454,236,1681,114712
2010,50,199,10525524,BRONX,5,8,166,118,167,363,135,962,101720
2010,52,349,17811519,BRONX,11,27,511,455,433,556,188,2181,139307
2010,60,235,11713570,BROOKLYN SOUTH,10,18,263,211,163,542,116,1323,104278
2010,61,214,10768209,BROOKLYN SOUTH,6,5,152,112,248,397,187,1107,159645
2010,62,200,9732760,BROOKLYN SOUTH,7,13,175,137,301,457,159,1249,181981
2010,63,184,9727346,BROOKLYN SOUTH,2,17,225,130,273,529,159,1335,108646
2010,66,202,10136494,BROOKLYN SOUTH,0,11,178,170,383,387,135,1264,191382
2010,67,337,16286113,BROOKLYN SOUTH,26,31,417,445,405,522,274,2120,155252
2010,68,176,9278868,BROOKLYN SOUTH,1,6,103,100,240,317,147,914,124491
2010,69,188,9911181,BROOKLYN SOUTH,9,15,229,160,253,244,113,1023,84480
2010,70,393,19526096,BROOKLYN SOUTH,7,24,400,362,322,672,184,1971,160664
2010,71,278,13030154,BROOKLYN SOUTH,10,13,273,293,307,423,150,1469,98429
2010,72,221,10556210,BROOKLYN SOUTH,7,20,251,188,245,372,119,1202,126230
2010,73,333,17187443,BROOKLYN NORTH,28,35,501,570,281,446,148,2009,86468
2010,75,481,26903200,BROOKLYN NORTH,33,61,763,746,471,707,322,3103,183328
2010,76,151,8038237,BROOKLYN SOUTH,2,2,99,90,105,228,59,585,43694
2010,77,278,15387634,BROOKLYN NORTH,20,23,295,301,317,281,129,1366,90744
2010,78,192,10081920,BROOKLYN SOUTH,1,5,126,45,172,404,92,845,66664
2010,79,314,15551962,BROOKLYN NORTH,12,29,433,422,408,405,120,1829,90263
2010,81,236,11196584,BROOKLYN NORTH,17,24,353,327,245,360,83,1409,62722
2010,83,286,13764570,BROOKLYN NORTH,13,36,460,376,477,298,176,1836,112634
2010,84,271,14870533,BROOKLYN NORTH,3,2,184,114,119,513,52,987,48196
2010,88,200,10125504,BROOKLYN NORTH,6,8,237,133,184,477,101,1146,51421
2010,90,239,13013775,BROOKLYN NORTH,2,9,380,206,476,495,165,1733,116836
2010,94,164,8979630,BROOKLYN NORTH,0,2,132,73,243,308,147,905,56247
2010,100,146,8464097,QUEENS SOUTH,1,4,62,79,57,100,27,330,47913
2010,101,229,11042403,QUEENS SOUTH,6,16,121,159,136,99,78,615,67065
2010,102,228,12368864,QUEENS SOUTH,5,14,272,239,358,356,290,1534,144215
2010,103,308,15574774,QUEENS SOUTH,15,21,480,342,257,419,169,1703,105803
2010,104,221,11629004,QUEENS NORTH,4,21,263,225,448,431,359,1751,170190
2010,105,281,14157170,QUEENS SOUTH,15,19,337,270,394,442,383,1860,188582
2010,106,214,11172038,QUEENS SOUTH,5,18,261,152,306,366,324,1432,122441
2010,107,200,10875704,QUEENS SOUTH,4,14,256,96,276,447,232,1325,151107
2010,108,206,10915646,QUEENS NORTH,2,17,195,130,256,456,198,1254,113200
2010,109,249,13435671,QUEENS NORTH,7,17,211,217,486,682,290,1910,247354
2010,110,225,11556725,QUEENS NORTH,4,28,360,255,293,552,145,1637,172634
2010,111,170,9373972,QUEENS NORTH,0,6,81,52,252,365,135,891,116431
2010,112,175,9325875,QUEENS NORTH,1,4,119,59,135,376,101,795,112070
2010,113,222,11822777,QUEENS SOUTH,19,25,369,352,421,688,264,2138,120132
2010,114,255,12983348,QUEENS NORTH,9,16,332,283,482,642,263,2027,202766
2010,115,290,14549984,QUEENS NORTH,3,33,345,325,296,517,241,1760,171576
2010,120,401,21172196,STATEN ISLAND,13,43,282,295,306,416,192,1547,113008
2010,122,256,13423769,STATEN ISLAND,2,18,116,141,203,410,118,1008,138982
2010,123,148,8424909,STATEN ISLAND,2,2,22,48,111,147,39,371,98032
2011,1,223,15331193,MANHATTAN SOUTH,0,13,102,94,155,979,59,1402,68491
2011,5,195,11623447,MANHATTAN SOUTH,0,11,127,117,120,560,27,962,52371
2011,6,220,13258409,MANHATTAN SOUTH,1,15,155,111,182,992,48,1504,62467
2011,7,178,11845237,MANHATTAN SOUTH,5,14,127,119,83,316,40,704,56518
2011,9,212,12567886,MANHATTAN SOUTH,1,13,186,141,209,750,50,1350,76393
2011,10,197,12198066,MANHATTAN SOUTH,3,13,137,93,118,627,46,1037,51719
2011,13,245,14026487,MANHATTAN SOUTH,2,17,187,126,245,1424,43,2044,94281
2011,17,209,12208273,MANHATTAN SOUTH,0,10,63,53,96,694,21,937,80150
2011,19,279,16941270,MANHATTAN NORTH,3,15,137,108,250,1232,83,1828,209459
2011,20,192,12380242,MANHATTAN NORTH,0,11,76,49,74,629,19,858,103819
2011,23,242,13575933,MANHATTAN NORTH,5,28,207,242,95,261,32,870,73272
2011,24,209,12788728,MANHATTAN NORTH,5,12,187,126,89,449,43,911,106562
2011,25,234,14370474,MANHATTAN NORTH,9,23,231,227,116,239,35,880,47764
2011,26,176,12050635,MANHATTAN NORTH,2,7,154,100,57,269,27,616,49557
2011,28,212,15908902,MANHATTAN NORTH,6,18,223,213,126,308,17,911,45222
2011,30,219,14326744,MANHATTAN NORTH,2,21,246,189,134,180,25,797,60662
2011,32,276,16184620,MANHATTAN NORTH,10,27,244,321,152,302,52,1108,71971
2011,33,228,14486886,MANHATTAN NORTH,7,27,230,181,129,242,61,877,76422
2011,34,251,16349721,MANHATTAN NORTH,8,18,286,236,272,374,89,1283,112616
2011,40,327,18923395,BRONX,21,23,396,453,238,405,131,1667,92440
2011,41,239,14415626,BRONX,5,18,299,431,204,292,93,1342,52466
2011,42,238,15086321,BRONX,10,28,325,316,178,247,139,1243,81161
2011,43,350,20311394,BRONX,19,22,534,537,385,601,284,2382,173711
2011,44,401,24553346,BRONX,19,34,473,557,342,446,201,2072,146840
2011,45,215,14597310,BRONX,6,13,213,162,286,403,193,1276,121829
2011,46,380,20711804,BRONX,20,32,406,401,247,381,127,1614,128638
2011,47,286,19419274,BRONX,21,36,434,487,407,295,295,1975,153490
2011,48,275,16553732,BRONX,12,19,415,342,200,353,141,1482,83861
2011,49,225,16098146,BRONX,3,18,372,259,391,454,231,1728,115228
2011,50,199,13131581,BRONX,4,9,192,115,207,386,107,1020,102245
2011,52,349,20167293,BRONX,8,22,519,396,448,635,146,2174,140065
2011,60,235,13998602,BROOKLYN SOUTH,6,12,251,281,200,483,89,1322,104752
2011,61,214,12684576,BROOKLYN SOUTH,14,11,190,151,255,435,146,1202,160631
2011,62,200,12086070,BROOKLYN SOUTH,2,12,172,162,250,456,158,1212,183669
2011,63,184,11567130,BROOKLYN SOUTH,2,16,234,187,257,517,126,1339,109046
2011,66,202,12678586,BROOKLYN SOUTH,2,8,190,161,335,447,130,1273,192781
2011,67,337,17800131,BROOKLYN SOUTH,22,45,521,619,458,513,277,2455,155971
2011,68,176,11445211,BROOKLYN SOUTH,1,9,101,145,206,366,122,950,125649
2011,69,188,12013645,BROOKLYN SOUTH,6,16,233,197,231,273,127,1083,85108
2011,70,393,22165266,BROOKLYN SOUTH,10,21,381,336,338,703,123,1912,161054
2011,71,278,18323861,BROOKLYN SOUTH,9,20,300,385,236,380,122,1452,98786
2011,72,221,13618534,BROOKLYN SOUTH,5,25,242,255,204,388,99,1218,126930
2011,73,333,25590731,BROOKLYN NORTH,26,31,542,626,338,443,129,2135,87671
2011,75,481,32817924,BROOKLYN NORTH,29,54,780,877,512,821,320,3393,185094
2011,76,151,10965829,BROOKLYN SOUTH,3,7,126,96,97,264,38,631,44087
2011,77,278,18575213,BROOKLYN NORTH,10,23,355,355,370,381,105,1599,91796
2011,78,192,12376682,BROOKLYN SOUTH,0,8,172,70,132,406,75,863,67317
2011,79,314,21691938,BROOKLYN NORTH,13,34,512,439,352,406,91,1847,91840
2011,81,236,15137930,BROOKLYN NORTH,12,16,336,288,298,423,85,1458,63341
2011,83,286,18284642,BROOKLYN NORTH,17,29,446,357,481,375,118,1823,113420
2011,84,271,18443260,BROOKLYN NORTH,1,3,171,126,145,561,45,1052,49936
2011,88,200,12758035,BROOKLYN NORTH,2,14,294,154,126,444,80,1114,52716
2011,90,239,15657789,BROOKLYN NORTH,5,23,385,235,313,584,189,1734,118290
2011,94,164,11690942,BROOKLYN NORTH,1,3,128,93,157,317,114,813,57897
2011,100,146,10297080,QUEENS SOUTH,1,5,86,130,138,144,21,525,48202
2011,101,229,14052652,QUEENS SOUTH,8,17,128,183,132,117,46,631,67696
2011,102,228,14441115,QUEENS SOUTH,6,23,269,260,298,419,254,1529,145123
2011,103,308,17694883,QUEENS SOUTH,11,37,436,357,252,405,204,1702,107328
2011,104,221,14274322,QUEENS NORTH,2,14,262,250,401,543,250,1722,171065
2011,105,281,19662978,QUEENS SOUTH,5,27,342,278,493,452,421,2018,189645
2011,106,214,13081550,QUEENS SOUTH,4,10,267,221,330,378,283,1493,123136
2011,107,200,13073516,QUEENS SOUTH,3,13,237,123,269,432,214,1291,152136
2011,108,206,12316157,QUEENS NORTH,2,11,155,121,291,506,181,1267,115676
2011,109,249,16857281,QUEENS NORTH,8,19,252,239,397,696,288,1899,249576
2011,110,225,14573449,QUEENS NORTH,2,22,332,268,316,551,122,1613,173475
2011,111,170,12816137,QUEENS NORTH,2,6,79,48,204,384,107,830,117009
2011,112,175,11065838,QUEENS NORTH,2,11,105,62,150,492,103,925,112836
2011,113,222,14828692,QUEENS SOUTH,17,29,416,482,494,687,241,2366,121640
2011,114,255,15466709,QUEENS NORTH,5,26,331,347,466,647,188,2010,203341
2011,115,290,20561907,QUEENS NORTH,4,41,347,360,322,574,191,1839,172331
2011,120,401,24738852,STATEN ISLAND,12,42,247,382,370,408,169,1630,113938
2011,122,256,18532242,STATEN ISLAND,2,11,112,127,259,381,115,1007,139539
2011,123,148,12519381,STATEN ISLAND,2,1,37,49,101,175,48,413,98302
2012,1,223,15755512,MANHATTAN SOUTH,1,10,81,110,188,985,41,1416,70303
2012,5,195,11480462,MANHATTAN SOUTH,3,12,122,157,138,548,21,1001,52174
2012,6,220,12686471,MANHATTAN SOUTH,1,15,148,111,140,1124,35,1574,62709
2012,7,178,11082039,MANHATTAN SOUTH,0,19,147,122,92,350,32,762,56681
2012,9,212,11858786,MANHATTAN SOUTH,1,15,177,172,193,802,59,1419,76344
2012,10,197,11622264,MANHATTAN SOUTH,3,10,114,81,89,764,27,1088,53258
2012,13,245,13342360,MANHATTAN SOUTH,1,17,183,129,188,1467,37,2022,94922
2012,17,209,12408273,MANHATTAN SOUTH,2,10,47,80,135,721,25,1020,81174
2012,19,279,16996270,MANHATTAN NORTH,0,16,129,120,241,1452,78,2036,210659
2012,20,192,12505242,MANHATTAN NORTH,2,12,96,51,105,721,41,1028,105014
2012,23,242,13881977,MANHATTAN NORTH,2,29,271,263,103,320,26,1014,73438
2012,24,209,11941948,MANHATTAN NORTH,4,10,178,131,135,576,46,1080,106665
2012,25,234,13522342,MANHATTAN NORTH,10,29,245,286,133,319,34,1056,48123
2012,26,176,11310265,MANHATTAN NORTH,3,10,145,113,60,324,23,678,49606
2012,28,212,15524238,MANHATTAN NORTH,5,17,210,241,102,350,20,945,45664
2012,30,219,13558261,MANHATTAN NORTH,2,11,257,189,151,230,28,868,60639
2012,32,276,14987361,MANHATTAN NORTH,11,33,243,279,108,315,40,1029,73001
2012,33,228,13461261,MANHATTAN NORTH,2,19,214,177,163,276,43,894,75886
2012,34,251,15266684,MANHATTAN NORTH,5,20,246,207,261,339,79,1157,112171
2012,40,327,18193404,BRONX,12,26,480,392,158,482,78,1628,93383
2012,41,239,14523626,BRONX,8,12,329,556,205,321,57,1488,52687
2012,42,238,14993463,BRONX,8,30,334,340,165,288,112,1277,82560
2012,43,350,18909218,BRONX,18,38,584,541,348,687,221,2437,175300
2012,44,401,22338146,BRONX,8,33,452,670,291,598,152,2204,147240
2012,45,215,13590253,BRONX,2,17,190,187,228,402,151,1177,122826
2012,46,380,19098063,BRONX,13,30,390,451,226,410,92,1612,129076
2012,47,286,16482248,BRONX,16,30,506,517,397,408,253,2127,154607
2012,48,275,16392257,BRONX,9,21,442,385,208,473,95,1633,84456
2012,49,225,15939891,BRONX,8,17,331,268,344,421,183,1572,115745
2012,50,199,12066620,BRONX,6,10,146,131,178,421,103,995,102771
2012,52,349,18949627,BRONX,6,24,546,398,415,634,139,2162,140823
2012,60,235,13210831,BROOKLYN SOUTH,4,23,299,211,257,562,79,1435,105227
2012,61,214,11619260,BROOKLYN SOUTH,3,10,259,146,369,752,129,1668,161618
2012,62,200,11134897,BROOKLYN SOUTH,4,8,214,183,255,503,131,1298,185358
2012,63,184,10659849,BROOKLYN SOUTH,8,15,238,237,251,534,106,1389,109447
2012,66,202,11542028,BROOKLYN SOUTH,1,7,183,163,324,464,102,1244,194181
2012,67,337,16286113,BROOKLYN SOUTH,15,32,496,589,452,647,209,2440,156690
2012,68,176,10592637,BROOKLYN SOUTH,1,16,112,110,200,393,113,945,126807
2012,69,188,11168592,BROOKLYN SOUTH,4,8,220,205,308,314,78,1137,85736
2012,70,393,18731833,BROOKLYN SOUTH,11,15,386,266,354,739,118,1889,161444
2012,71,278,16020925,BROOKLYN SOUTH,3,16,321,347,213,616,126,1642,99143
2012,72,221,12478176,BROOKLYN SOUTH,2,23,209,230,178,397,113,1152,127630
2012,73,333,20436200,BROOKLYN NORTH,16,35,579,663,316,485,155,2249,88875
2012,75,481,26810113,BROOKLYN NORTH,18,75,846,915,657,986,283,3780,186861
2012,76,151,10181247,BROOKLYN SOUTH,0,8,114,119,101,240,48,630,44483
2012,77,278,17261678,BROOKLYN NORTH,10,19,363,342,323,425,119,1601,92848
2012,78,192,11482593,BROOKLYN SOUTH,1,3,162,77,165,471,49,928,67971
2012,79,314,18524343,BROOKLYN NORTH,11,18,476,515,328,468,100,1916,93418
2012,81,236,14337036,BROOKLYN NORTH,16,21,352,317,335,434,96,1571,63961
2012,83,286,17234971,BROOKLYN NORTH,9,40,473,383,520,430,180,2035,114211
2012,84,271,18191584,BROOKLYN NORTH,3,5,181,133,141,552,23,1038,51676
2012,88,200,12763005,BROOKLYN NORTH,4,10,276,206,209,449,82,1236,54011
2012,90,239,14548282,BROOKLYN NORTH,5,11,387,239,348,601,125,1716,119744
2012,94,164,10783298,BROOKLYN NORTH,0,12,134,89,213,411,91,950,59547
2012,100,146,10220591,QUEENS SOUTH,2,4,54,133,207,185,30,615,48492
2012,101,229,13271618,QUEENS SOUTH,7,15,143,245,237,197,55,899,68327
2012,102,228,14423794,QUEENS SOUTH,7,29,326,260,315,443,232,1612,146031
2012,103,308,15468049,QUEENS SOUTH,10,34,438,378,310,495,175,1840,108854
2012,104,221,13449266,QUEENS NORTH,1,15,279,256,390,529,210,1680,171941
2012,105,281,18196630,QUEENS SOUTH,8,34,353,290,537,488,320,2030,190709
2012,106,214,12914541,QUEENS SOUTH,2,16,312,192,373,485,220,1600,123831
2012,107,200,13067053,QUEENS SOUTH,2,10,243,132,261,465,173,1286,153166
2012,108,206,12175224,QUEENS NORTH,4,16,191,143,244,463,136,1197,118152
2012,109,249,15663565,QUEENS NORTH,4,11,267,262,438,775,214,1971,251799
2012,110,225,14448506,QUEENS NORTH,8,25,351,294,315,667,113,1773,174317
2012,111,170,12093951,QUEENS NORTH,1,6,73,63,244,395,97,879,117587
2012,112,175,10443329,QUEENS NORTH,0,7,102,84,143,495,80,911,113603
2012,113,222,13875756,QUEENS SOUTH,16,29,354,488,450,761,269,2367,123149
2012,114,255,15514707,QUEENS NORTH,6,41,321,354,473,696,193,2084,203917
2012,115,290,15142230,QUEENS NORTH,5,41,338,329,337,546,173,1769,173087
2012,120,401,23945597,STATEN ISLAND,7,39,289,477,401,494,166,1873,114868
2012,122,256,18140050,STATEN ISLAND,2,17,126,148,254,454,107,1108,140096
2012,123,148,11689562,STATEN ISLAND,1,5,29,59,88,183,31,396,98573
2013,1,218,20817512,MANHATTAN SOUTH,0,12,68,87,171,1051,27,1416,72115
2013,5,190,11710462,MANHATTAN SOUTH,3,5,102,167,92,599,12,980,51977
2013,6,218,13693888,MANHATTAN SOUTH,2,8,140,135,132,1253,33,1703,62951
2013,7,174,12565039,MANHATTAN SOUTH,1,6,145,106,67,362,24,711,56844
2013,9,208,12764786,MANHATTAN SOUTH,2,18,137,152,165,904,46,1424,76295
2013,10,195,12726264,MANHATTAN SOUTH,1,12,110,98,101,762,39,1123,54797
2013,13,239,14661340,MANHATTAN SOUTH,1,11,124,135,214,1615,52,2152,95563
2013,17,207,13408273,MANHATTAN SOUTH,0,6,61,64,107,766,20,1024,82198
2013,19,272,17296270,MANHATTAN NORTH,0,6,104,97,252,1548,57,2064,211859
2013,20,191,12505242,MANHATTAN NORTH,2,10,81,57,85,712,22,969,106209
2013,23,242,14191977,MANHATTAN NORTH,4,17,266,256,99,383,37,1062,73604
2013,24,204,12817948,MANHATTAN NORTH,2,10,160,152,109,547,42,1022,106768
2013,25,224,14468342,MANHATTAN NORTH,3,22,258,286,132,365,45,1111,48482
2013,26,174,12091765,MANHATTAN NORTH,1,9,135,122,59,343,20,689,49656
2013,28,209,14824238,MANHATTAN NORTH,2,12,211,222,82,352,39,920,46106
2013,30,220,14518261,MANHATTAN NORTH,3,21,218,181,130,244,35,832,60616
2013,32,270,16542361,MANHATTAN NORTH,7,27,261,295,82,297,31,1000,74031
2013,33,225,15738261,MANHATTAN NORTH,2,19,202,200,118,357,29,927,75350
2013,34,251,15746684,MANHATTAN NORTH,1,25,239,178,208,433,76,1160,111725
2013,40,327,17093404,BRONX,8,25,454,511,213,586,105,1902,94326
2013,41,231,14523626,BRONX,2,17,328,732,202,403,76,1760,52908
2013,42,238,15273463,BRONX,12,24,320,405,177,320,77,1335,83959
2013,43,341,19254218,BRONX,9,26,586,600,361,708,190,2480,176889
2013,44,401,21238146,BRONX,9,30,420,709,255,642,126,2191,147639
2013,45,208,14451253,BRONX,5,9,162,163,172,439,160,1110,123822
2013,46,379,19768063,BRONX,9,28,449,475,188,441,91,1681,129515
2013,47,277,15982248,BRONX,9,36,469,561,391,491,202,2159,155723
2013,48,268,16572257,BRONX,4,24,422,460,250,506,102,1768,85051
2013,49,223,16434891,BRONX,2,15,210,218,232,360,111,1148,116262
2013,50,194,13294620,BRONX,2,2,150,149,154,415,87,959,103296
2013,52,342,17849627,BRONX,12,26,473,484,354,737,120,2206,141581
2013,60,229,14216831,BROOKLYN SOUTH,8,18,309,283,214,523,66,1421,105701
2013,61,209,12760260,BROOKLYN SOUTH,2,19,248,199,346,726,126,1666,162605
2013,62,194,12465897,BROOKLYN SOUTH,3,16,235,181,308,552,110,1405,187047
2013,63,181,12206849,BROOKLYN SOUTH,8,13,165,186,196,636,92,1296,109847
2013,66,195,13322028,BROOKLYN SOUTH,6,7,137,150,277,474,140,1191,195580
2013,67,332,17792968,BROOKLYN SOUTH,11,50,519,569,388,677,169,2383,157410
2013,68,172,11499637,BROOKLYN SOUTH,0,4,98,102,236,388,119,947,127965
2013,69,186,12929592,BROOKLYN SOUTH,3,13,241,223,255,363,88,1186,86364
2013,70,386,17131833,BROOKLYN SOUTH,8,25,373,276,321,720,109,1832,161835
2013,71,276,16135925,BROOKLYN SOUTH,6,17,328,372,195,639,80,1637,99500
2013,72,217,13296176,BROOKLYN SOUTH,5,22,232,206,177,437,127,1206,128330
2013,73,336,19458200,BROOKLYN NORTH,15,42,470,680,291,465,131,2094,90079
2013,75,471,23910113,BROOKLYN NORTH,18,61,909,944,638,1041,291,3902,188627
2013,76,152,11029247,BROOKLYN SOUTH,1,7,104,103,92,282,48,637,44884
2013,77,273,17896678,BROOKLYN NORTH,12,24,395,392,307,551,111,1792,93900
2013,78,187,12128593,BROOKLYN SOUTH,1,7,156,81,167,530,67,1009,68625
2013,79,308,17479343,BROOKLYN NORTH,13,26,394,473,244,482,106,1738,94995
2013,81,233,16808036,BROOKLYN NORTH,6,17,338,370,252,433,79,1495,64581
2013,83,280,18346971,BROOKLYN NORTH,7,29,392,373,397,553,152,1903,115008
2013,84,268,18191584,BROOKLYN NORTH,1,4,156,121,101,653,38,1074,53416
2013,88,200,13069005,BROOKLYN NORTH,6,11,218,197,146,433,82,1093,55306
2013,90,236,15536282,BROOKLYN NORTH,6,17,303,257,277,667,142,1669,121198
2013,94,159,12941298,BROOKLYN NORTH,1,16,117,115,190,493,111,1043,61197
2013,100,149,11230591,QUEENS SOUTH,3,3,61,147,151,173,20,558,48781
2013,101,224,15311618,QUEENS SOUTH,3,19,148,212,227,182,61,852,68958
2013,102,223,14108794,QUEENS SOUTH,7,24,311,327,288,490,252,1699,146939
2013,103,301,14868049,QUEENS SOUTH,8,37,438,369,300,487,172,1811,110379
2013,104,216,13938266,QUEENS NORTH,3,15,256,241,339,572,181,1607,172817
2013,105,278,20653630,QUEENS SOUTH,3,18,331,313,469,520,263,1917,191772
2013,106,210,13434541,QUEENS SOUTH,6,19,328,253,346,522,191,1665,124526
2013,107,198,13508053,QUEENS SOUTH,1,7,242,138,244,517,149,1298,154195
2013,108,202,12175224,QUEENS NORTH,4,15,160,171,244,572,166,1332,120628
2013,109,252,16837624,QUEENS NORTH,1,31,243,286,471,904,210,2146,254022
2013,110,220,14874369,QUEENS NORTH,6,32,341,292,279,692,105,1747,175159
2013,111,164,13243542,QUEENS NORTH,0,3,73,65,232,457,79,909,118165
2013,112,173,12289000,QUEENS NORTH,0,5,76,59,173,470,60,843,114370
2013,113,219,16356830,QUEENS SOUTH,7,18,376,459,396,637,162,2055,124658
2013,114,252,15495026,QUEENS NORTH,4,29,247,308,383,709,205,1885,204493
2013,115,289,14642230,QUEENS NORTH,3,35,358,341,306,592,125,1760,173843
2013,120,399,26081597,STATEN ISLAND,4,31,318,415,280,459,94,1601,115798
2013,122,249,19250050,STATEN ISLAND,2,12,82,102,215,404,62,879,140653
2013,123,148,12646562,STATEN ISLAND,0,5,23,47,92,171,40,378,98843
2014,1,218,17289112,MANHATTAN SOUTH,0,8,50,76,145,896,33,1208,73927
2014,5,190,12056562,MANHATTAN SOUTH,2,4,76,125,101,536,26,870,51780
2014,76,152,11492347,BROOKLYN SOUTH,1,5,85,101,96,293,51,632,45288
2014,6,218,13881188,MANHATTAN SOUTH,2,11,99,128,163,1127,45,1575,63192
2014,7,174,12779339,MANHATTAN SOUTH,0,7,115,153,56,372,29,732,57007
2014,9,208,12764786,MANHATTAN SOUTH,2,22,110,152,138,876,31,1331,76246
2014,10,195,13089694,MANHATTAN SOUTH,0,7,89,110,72,709,35,1022,56336
2014,13,239,15378440,MANHATTAN SOUTH,0,12,144,174,245,1433,53,2061,96204
2014,17,207,13408273,MANHATTAN SOUTH,0,11,64,46,124,634,30,909,83222
2014,19,272,17108970,MANHATTAN NORTH,0,12,96,103,218,1402,82,1913,213059
2014,20,191,12716042,MANHATTAN NORTH,0,8,53,45,88,674,31,899,107404
2014,23,242,14191977,MANHATTAN NORTH,4,15,255,254,107,342,24,1001,73771
2014,24,204,12817948,MANHATTAN NORTH,1,13,132,121,146,563,44,1020,106871
2014,25,224,14468342,MANHATTAN NORTH,5,28,220,335,107,319,32,1046,48841
2014,26,174,12091765,MANHATTAN NORTH,2,16,125,84,59,311,20,617,49705
2014,28,209,14291238,MANHATTAN NORTH,1,14,176,202,79,329,22,823,46548
2014,30,220,14518261,MANHATTAN NORTH,7,18,150,202,100,250,22,749,60593
2014,32,270,16542361,MANHATTAN NORTH,6,17,254,299,94,297,29,996,75061
2014,33,225,15738261,MANHATTAN NORTH,2,19,145,173,111,327,34,811,74814
2014,34,251,16927384,MANHATTAN NORTH,1,13,224,204,177,456,76,1151,111280
2014,40,327,17093404,BRONX,7,29,407,469,144,488,102,1646,95269
2014,41,231,14954726,BRONX,4,18,252,353,206,378,80,1291,53129
2014,42,238,14733463,BRONX,5,30,307,424,163,305,100,1334,85359
2014,43,341,20254218,BRONX,9,36,546,667,327,693,174,2452,178479
2014,44,401,20638146,BRONX,15,33,415,687,270,712,174,2306,148039
2014,45,208,13911253,BRONX,0,11,165,165,156,519,133,1149,124819
2014,46,379,19768063,BRONX,14,32,334,517,208,431,109,1645,129953
2014,47,277,16684448,BRONX,17,35,420,548,377,433,205,2035,156840
2014,48,268,16572257,BRONX,10,22,386,499,271,508,76,1772,85646
2014,49,223,16592091,BRONX,6,18,179,183,190,364,133,1073,116779
2014,50,194,13294620,BRONX,1,18,140,137,175,417,85,973,103822
2014,52,342,17049627,BRONX,7,27,439,541,371,706,103,2194,142339
2014,60,229,14898831,BROOKLYN SOUTH,10,21,267,314,193,592,68,1465,106176
2014,61,209,12964630,BROOKLYN SOUTH,2,12,227,187,342,797,131,1698,163592
2014,62,194,12465897,BROOKLYN SOUTH,0,11,159,201,303,513,99,1286,188736
2014,63,181,12548299,BROOKLYN SOUTH,3,6,192,160,176,567,107,1211,110248
2014,66,195,13564778,BROOKLYN SOUTH,1,8,142,123,285,498,97,1154,196980
2014,67,332,17792968,BROOKLYN SOUTH,12,41,478,587,351,687,166,2322,158129
2014,68,172,11499637,BROOKLYN SOUTH,1,13,93,124,195,408,111,945,129123
2014,69,186,12929592,BROOKLYN SOUTH,3,14,202,257,225,354,98,1153,86993
2014,70,386,16256833,BROOKLYN SOUTH,3,22,325,315,294,674,92,1725,162225
2014,71,276,15385925,BROOKLYN SOUTH,5,19,294,389,179,533,81,1500,99857
2014,72,217,13296176,BROOKLYN SOUTH,1,15,199,260,188,420,102,1185,129030
2014,73,336,19458200,BROOKLYN NORTH,18,34,421,608,275,423,100,1879,91283
2014,75,471,23910113,BROOKLYN NORTH,21,70,817,920,530,1081,312,3751,190394
2014,77,273,17096678,BROOKLYN NORTH,8,22,299,388,298,511,138,1664,94953
2014,78,187,13021293,BROOKLYN SOUTH,0,5,98,82,132,569,70,956,69279
2014,79,308,17479343,BROOKLYN NORTH,11,26,316,375,362,446,132,1668,96573
2014,81,233,16058036,BROOKLYN NORTH,7,29,318,327,310,445,115,1551,65201
2014,83,280,17796971,BROOKLYN NORTH,9,24,343,308,496,482,134,1796,115811
2014,84,268,17791584,BROOKLYN NORTH,1,6,142,128,115,604,42,1038,55156
2014,88,200,13069005,BROOKLYN NORTH,2,3,194,170,182,410,100,1061,56601
2014,90,236,15254282,BROOKLYN NORTH,2,15,253,240,333,652,160,1655,122652
2014,94,159,12941298,BROOKLYN NORTH,1,10,93,94,241,481,113,1033,62847
2014,100,149,11650941,QUEENS SOUTH,1,7,59,136,130,187,35,555,49071
2014,101,224,15311618,QUEENS SOUTH,5,13,145,279,152,197,73,864,69589
2014,102,223,14506694,QUEENS SOUTH,3,15,234,240,293,496,256,1537,147847
2014,103,301,14868049,QUEENS SOUTH,9,20,392,458,281,493,144,1797,111905
2014,104,216,13938266,QUEENS NORTH,3,18,180,215,292,575,227,1510,173693
2014,105,278,22132630,QUEENS SOUTH,7,23,213,353,323,592,232,1743,192836
2014,106,210,14606041,QUEENS SOUTH,2,25,272,239,251,537,237,1563,125221
2014,107,198,13508053,QUEENS SOUTH,1,24,192,118,172,457,146,1110,155225
2014,108,202,11525224,QUEENS NORTH,2,15,157,169,229,563,143,1278,123104
2014,109,252,17532024,QUEENS NORTH,6,21,178,263,464,884,221,2037,256244
2014,110,220,14874369,QUEENS NORTH,8,28,282,283,332,571,109,1613,176000
2014,111,164,13594942,QUEENS NORTH,0,1,44,66,219,454,97,881,118743
2014,112,173,12289000,QUEENS NORTH,0,7,57,60,114,412,102,752,115137
2014,113,219,15506830,QUEENS SOUTH,9,18,259,464,334,570,220,1874,126167
2014,114,252,15889226,QUEENS NORTH,2,23,262,282,447,708,188,1912,205069
2014,115,289,14142230,QUEENS NORTH,6,31,338,352,338,663,160,1888,174599
2014,120,399,28667597,STATEN ISLAND,7,29,196,266,205,389,73,1165,116728
2014,122,249,19250050,STATEN ISLAND,3,4,57,108,185,306,57,720,141210
2014,123,148,12741362,STATEN ISLAND,1,0,15,47,91,194,30,378,99114
2015,1,218,16789112,MANHATTAN SOUTH,1,7,79,86,138,1114,21,1446,75739
2015,5,190,12253562,MANHATTAN SOUTH,1,10,100,140,86,559,21,917,51583
2015,6,218,14790188,MANHATTAN SOUTH,0,8,114,93,148,1126,32,1521,63434
2015,7,174,13080339,MANHATTAN SOUTH,1,9,107,144,85,409,26,781,57170
2015,9,208,12764786,MANHATTAN SOUTH,1,19,134,126,135,878,44,1337,76197
2015,10,195,13089694,MANHATTAN SOUTH,1,11,105,106,71,736,31,1061,57875
2015,13,239,15328440,MANHATTAN SOUTH,2,19,147,198,234,1397,59,2056,96845
2015,17,207,13308273,MANHATTAN SOUTH,1,3,49,74,98,721,40,986,84246
2015,19,272,17108970,MANHATTAN NORTH,1,9,107,124,174,1414,75,1904,214260
2015,20,191,12666042,MANHATTAN NORTH,0,6,68,58,66,645,30,873,108599
2015,23,242,14191977,MANHATTAN NORTH,7,24,221,301,109,330,33,1025,73937
2015,24,204,12817948,MANHATTAN NORTH,1,10,141,106,109,597,54,1018,106974
2015,25,224,13268342,MANHATTAN NORTH,5,24,226,351,113,366,40,1125,49200
2015,26,174,12091765,MANHATTAN NORTH,0,6,123,78,64,302,24,597,49755
2015,28,209,14439238,MANHATTAN NORTH,3,13,189,233,102,378,27,945,46990
2015,30,220,14518261,MANHATTAN NORTH,2,20,168,172,99,247,25,733,60570
2015,32,270,16542361,MANHATTAN NORTH,3,35,278,349,113,305,37,1120,76091
2015,33,225,14538261,MANHATTAN NORTH,1,21,137,199,103,305,41,807,74278
2015,34,251,15927384,MANHATTAN NORTH,3,23,246,246,193,516,88,1315,110835
2015,40,327,17286404,BRONX,9,37,514,579,236,645,98,2118,96213
2015,41,231,14904726,BRONX,3,22,226,347,165,334,67,1164,53350
2015,42,238,14733463,BRONX,6,33,329,379,185,299,112,1343,86758
2015,43,341,19254218,BRONX,8,44,560,632,322,710,215,2491,180068
2015,44,401,20638146,BRONX,11,34,556,703,287,730,148,2469,148438
2015,45,208,14495253,BRONX,3,7,160,187,144,599,144,1244,125816
2015,46,379,19768063,BRONX,14,25,418,558,268,446,99,1828,130392
2015,47,277,17610448,BRONX,11,34,415,586,284,517,215,2062,157956
2015,48,268,16572257,BRONX,6,38,365,556,222,485,117,1789,86241
2015,49,223,16592091,BRONX,6,30,228,191,185,440,164,1244,117296
2015,50,194,13464620,BRONX,2,17,154,104,108,471,95,951,104348
2015,52,342,17150627,BRONX,12,30,457,556,275,668,111,2109,143097
2015,60,229,14848831,BROOKLYN SOUTH,4,25,273,315,165,535,87,1404,106651
2015,61,209,13531630,BROOKLYN SOUTH,5,12,214,184,338,620,120,1493,164579
2015,62,194,12465897,BROOKLYN SOUTH,1,10,172,210,232,505,112,1242,190425
2015,63,181,12548299,BROOKLYN SOUTH,5,2,146,161,186,535,101,1136,110649
2015,66,195,13564778,BROOKLYN SOUTH,4,20,133,159,258,473,90,1137,198379
2015,67,332,18733968,BROOKLYN SOUTH,17,41,429,499,298,667,164,2115,158849
2015,68,172,11499637,BROOKLYN SOUTH,0,6,97,129,227,390,109,958,130281
2015,69,186,12929592,BROOKLYN SOUTH,4,20,188,253,124,367,101,1057,87621
2015,70,386,16256833,BROOKLYN SOUTH,17,18,350,263,283,646,97,1674,162616
2015,71,276,15385925,BROOKLYN SOUTH,4,21,297,373,209,497,96,1497,100214
2015,72,217,13296176,BROOKLYN SOUTH,3,20,212,225,212,388,106,1166,129730
2015,73,336,19458200,BROOKLYN NORTH,14,34,376,591,168,446,106,1735,92487
2015,75,471,23910113,BROOKLYN NORTH,18,56,732,864,439,1133,264,3506,192161
2015,76,152,11492347,BROOKLYN SOUTH,1,4,81,102,132,276,32,628,45695
2015,77,273,17096678,BROOKLYN NORTH,12,21,298,353,255,454,102,1495,96005
2015,78,187,12921293,BROOKLYN SOUTH,0,11,122,100,166,511,60,970,69933
2015,79,308,17479343,BROOKLYN NORTH,7,27,281,363,312,456,95,1541,98151
2015,81,233,16058036,BROOKLYN NORTH,5,12,334,332,247,417,78,1425,65821
2015,83,280,17796971,BROOKLYN NORTH,7,33,330,279,472,426,131,1678,116619
2015,84,268,17791584,BROOKLYN NORTH,2,10,121,134,92,684,51,1094,56896
2015,88,200,13069005,BROOKLYN NORTH,8,11,149,180,122,370,87,927,57896
2015,90,236,15254282,BROOKLYN NORTH,6,19,273,180,383,642,149,1652,124106
2015,94,159,12941298,BROOKLYN NORTH,2,8,76,97,221,488,120,1012,64497
2015,100,149,11650941,QUEENS SOUTH,3,10,66,128,77,194,23,501,49361
2015,101,224,15708618,QUEENS SOUTH,5,16,169,329,151,221,36,927,70220
2015,102,223,15292694,QUEENS SOUTH,6,17,238,302,227,401,234,1425,148756
2015,103,301,15414049,QUEENS SOUTH,6,28,384,444,251,504,110,1727,113431
2015,104,216,14307266,QUEENS NORTH,3,19,174,185,267,529,178,1355,174569
2015,105,278,22132630,QUEENS SOUTH,8,37,275,359,358,679,232,1948,193900
2015,106,210,14606041,QUEENS SOUTH,3,14,264,216,234,600,248,1579,125916
2015,107,198,13508053,QUEENS SOUTH,3,8,212,112,151,465,153,1104,156254
2015,108,202,11525224,QUEENS NORTH,2,17,120,154,204,459,149,1105,125581
2015,109,252,17532024,QUEENS NORTH,3,21,190,236,324,936,164,1874,258467
2015,110,220,14874369,QUEENS NORTH,1,26,276,296,213,585,105,1502,176842
2015,111,164,13594942,QUEENS NORTH,0,6,55,58,198,408,72,797,119321
2015,112,173,12289000,QUEENS NORTH,1,6,44,58,114,349,89,661,115904
2015,113,219,15974830,QUEENS SOUTH,9,18,232,398,256,543,139,1595,127676
2015,114,252,15889226,QUEENS NORTH,6,19,224,323,312,696,187,1767,205645
2015,115,289,14142230,QUEENS NORTH,1,33,339,368,235,679,140,1795,175355
2015,120,399,23167597,STATEN ISLAND,11,21,227,261,187,361,79,1147,117658
2015,122,249,17634050,STATEN ISLAND,2,3,62,121,134,305,44,671,141767
2015,123,148,12741362,STATEN ISLAND,1,3,29,52,80,163,20,348,99385
2016,1,218,16289112,MANHATTAN SOUTH,0,9,60,78,117,1081,50,1395,77551
2016,5,190,12456562,MANHATTAN SOUTH,0,8,102,135,81,563,10,899,51386
2016,6,218,14381188,MANHATTAN SOUTH,0,15,120,111,106,1003,33,1388,63676
2016,7,174,13279339,MANHATTAN SOUTH,1,17,129,148,55,440,33,823,57333
2016,9,208,12764786,MANHATTAN SOUTH,5,10,152,180,112,961,43,1463,76147
2016,10,195,13089694,MANHATTAN SOUTH,0,9,94,95,77,726,31,1032,59414
2016,13,239,15378440,MANHATTAN SOUTH,2,23,116,163,178,1371,26,1879,97486
2016,17,207,12308273,MANHATTAN SOUTH,1,10,65,72,84,742,26,1000,85270
2016,19,272,17108970,MANHATTAN NORTH,2,5,99,129,216,1435,73,1959,215460
2016,20,191,12516042,MANHATTAN NORTH,0,4,57,65,59,641,28,854,109794
2016,23,242,14091977,MANHATTAN NORTH,2,21,192,330,96,315,29,985,74103
2016,24,204,12817948,MANHATTAN NORTH,1,8,129,130,132,671,29,1100,107077
2016,25,224,13368342,MANHATTAN NORTH,4,22,180,335,79,391,42,1053,49559
2016,26,174,11991765,MANHATTAN NORTH,0,10,107,94,55,309,22,597,49804
2016,28,209,16491238,MANHATTAN NORTH,3,11,209,243,114,426,27,1033,47432
2016,30,220,13518261,MANHATTAN NORTH,4,22,174,180,71,240,31,722,60547
2016,32,270,16542361,MANHATTAN NORTH,7,32,197,354,132,282,48,1052,77120
2016,33,225,14738261,MANHATTAN NORTH,3,14,121,191,53,302,28,712,73742
2016,34,251,14927384,MANHATTAN NORTH,4,10,229,308,139,563,70,1323,110389
2016,40,327,17093404,BRONX,14,38,531,744,266,746,91,2430,97156
2016,41,231,14754726,BRONX,8,22,242,293,166,336,75,1142,53570
2016,42,238,16333463,BRONX,8,37,321,489,174,300,85,1414,88157
2016,43,341,19254218,BRONX,8,43,547,566,312,692,174,2342,181657
2016,44,401,20638146,BRONX,13,29,483,649,218,744,124,2260,148838
2016,45,208,14811253,BRONX,7,17,142,175,137,514,134,1126,126812
2016,46,379,20268063,BRONX,14,31,442,578,243,525,93,1926,130830
2016,47,277,21384448,BRONX,8,39,434,620,325,659,187,2272,159073
2016,48,268,16372257,BRONX,7,22,332,453,190,485,73,1562,86836
2016,49,223,15592091,BRONX,4,24,228,282,180,435,138,1291,117813
2016,50,194,13294620,BRONX,4,9,136,154,115,469,89,976,104873
2016,52,342,17049627,BRONX,3,28,454,593,272,636,109,2095,143855
2016,60,229,14953831,BROOKLYN SOUTH,3,16,155,254,104,361,56,949,107125
2016,61,209,13364630,BROOKLYN SOUTH,2,11,133,185,184,566,93,1174,165565
2016,62,194,12520897,BROOKLYN SOUTH,0,12,170,197,168,473,104,1124,192114
2016,63,181,12548299,BROOKLYN SOUTH,5,8,122,137,128,560,74,1034,111049
2016,66,195,13564778,BROOKLYN SOUTH,1,15,123,178,166,468,89,1040,199779
2016,67,332,19392968,BROOKLYN SOUTH,14,44,414,612,267,620,119,2090,159568
2016,68,172,11499637,BROOKLYN SOUTH,3,9,87,132,133,402,101,867,131439
2016,69,186,13529592,BROOKLYN SOUTH,6,17,164,244,99,336,95,961,88249
2016,70,386,16256833,BROOKLYN SOUTH,5,25,237,261,180,646,83,1437,163006
2016,71,276,19515925,BROOKLYN SOUTH,5,13,225,371,164,482,78,1338,100571
2016,72,217,13296176,BROOKLYN SOUTH,4,24,194,240,141,424,112,1139,130430
2016,73,336,19458200,BROOKLYN NORTH,14,33,335,576,190,356,99,1603,93690
2016,75,471,24110113,BROOKLYN NORTH,23,56,636,928,374,1045,225,3287,193927
2016,76,152,11292347,BROOKLYN SOUTH,3,7,68,80,75,215,32,480,46106
2016,77,273,17096678,BROOKLYN NORTH,10,22,256,370,196,455,84,1393,97057
2016,78,187,13021293,BROOKLYN SOUTH,0,10,127,81,127,532,51,928,70587
2016,79,308,21379343,BROOKLYN NORTH,7,22,307,384,327,479,98,1624,99728
2016,81,233,15558036,BROOKLYN NORTH,10,20,235,299,233,399,60,1256,66441
2016,83,280,16796971,BROOKLYN NORTH,4,29,337,311,323,487,115,1606,117433
2016,84,268,17591584,BROOKLYN NORTH,3,4,127,121,80,593,34,962,58636
2016,88,200,12069005,BROOKLYN NORTH,2,11,121,179,112,378,57,860,59191
2016,90,236,14254282,BROOKLYN NORTH,3,22,228,228,257,706,114,1558,125560
2016,94,159,12441298,BROOKLYN NORTH,1,13,86,87,171,515,84,957,66147
2016,100,149,11650941,QUEENS SOUTH,0,5,54,121,66,232,18,496,49650
2016,101,224,16711618,QUEENS SOUTH,2,19,154,316,141,229,51,912,70851
2016,102,223,14806694,QUEENS SOUTH,5,21,173,274,172,358,175,1178,149664
2016,103,301,20068049,QUEENS SOUTH,4,29,387,414,202,471,98,1605,114956
2016,104,216,14038266,QUEENS NORTH,1,21,179,208,303,545,156,1413,175444
2016,105,278,22132630,QUEENS SOUTH,1,17,222,336,334,633,204,1747,194963
2016,106,210,14606041,QUEENS SOUTH,9,15,211,228,215,544,123,1345,126611
2016,107,198,13508053,QUEENS SOUTH,3,19,176,106,187,511,141,1143,157284
2016,108,202,11725224,QUEENS NORTH,3,16,103,137,149,538,117,1063,128057
2016,109,252,17532024,QUEENS NORTH,3,15,213,258,319,949,160,1917,260690
2016,110,220,13874369,QUEENS NORTH,2,30,260,277,227,684,97,1577,177684
2016,111,164,13594942,QUEENS NORTH,2,4,46,72,179,488,62,853,119899
2016,112,173,12089000,QUEENS NORTH,1,8,50,52,81,373,51,616,116671
2016,113,219,16506830,QUEENS SOUTH,9,23,192,425,198,474,98,1419,129185
2016,114,252,15889226,QUEENS NORTH,2,31,212,319,251,813,191,1819,206221
2016,115,289,14142230,QUEENS NORTH,0,40,349,380,246,693,177,1885,176110
2016,120,399,24667597,STATEN ISLAND,6,20,200,302,164,345,94,1131,118588
2016,122,249,17250050,STATEN ISLAND,4,6,82,116,141,321,66,736,142324
2016,123,148,12741362,STATEN ISLAND,2,4,19,48,61,145,23,302,99655
2017,1,218,17289112,MANHATTAN SOUTH,9,18,69,91,65,1068,17,1337,79363
2017,5,190,12456562,MANHATTAN SOUTH,0,7,89,151,86,545,11,889,51189
2017,6,218,14281188,MANHATTAN SOUTH,0,9,139,131,131,998,24,1432,63917
2017,7,174,12929339,MANHATTAN SOUTH,0,9,134,178,65,461,18,865,57496
2017,9,208,12764786,MANHATTAN SOUTH,3,16,120,148,131,841,41,1300,76098
2017,10,195,13439694,MANHATTAN SOUTH,0,18,90,105,80,653,35,981,60953
2017,13,239,15578440,MANHATTAN SOUTH,3,18,96,149,144,1254,30,1694,98127
2017,17,207,13408273,MANHATTAN SOUTH,2,6,72,83,83,755,22,1023,86294
2017,19,272,17108970,MANHATTAN NORTH,0,16,125,126,203,1444,58,1972,216660
2017,20,191,12716042,MANHATTAN NORTH,2,8,71,60,78,712,21,952,110989
2017,23,242,14510750,MANHATTAN NORTH,3,14,142,321,95,315,19,909,74270
2017,24,204,12817948,MANHATTAN NORTH,2,14,140,128,149,617,41,1091,107180
2017,25,224,14468342,MANHATTAN NORTH,2,25,170,326,93,465,30,1111,49918
2017,26,174,12091765,MANHATTAN NORTH,1,11,96,87,56,329,16,596,49853
2017,28,209,15071238,MANHATTAN NORTH,4,8,202,203,91,440,18,966,47874
2017,30,220,14518261,MANHATTAN NORTH,1,9,153,135,85,291,22,696,60524
2017,32,270,16642361,MANHATTAN NORTH,4,17,199,335,97,267,31,950,78150
2017,33,225,15738261,MANHATTAN NORTH,2,9,107,189,77,262,35,681,73206
2017,34,251,15927384,MANHATTAN NORTH,3,14,201,290,172,631,71,1382,109944
2017,40,327,18143404,BRONX,6,44,479,804,236,802,105,2476,98099
2017,41,231,14954726,BRONX,3,20,132,270,131,288,64,908,53791
2017,42,238,14833463,BRONX,8,31,244,437,187,410,95,1412,89557
2017,43,341,21354218,BRONX,10,33,393,587,185,680,172,2060,183247
2017,44,401,23388146,BRONX,9,32,377,583,221,774,116,2112,149237
2017,45,208,14461253,BRONX,2,10,144,196,135,503,112,1102,127809
2017,46,379,22668063,BRONX,10,39,402,587,191,509,81,1819,131268
2017,47,277,21484448,BRONX,8,48,440,671,317,717,247,2448,160189
2017,48,268,17022257,BRONX,8,26,284,442,183,487,76,1506,87431
2017,49,223,16592091,BRONX,3,13,221,253,180,493,98,1261,118330
2017,50,194,13294620,BRONX,3,8,102,140,118,522,78,971,105399
2017,52,342,17349627,BRONX,2,27,332,519,170,640,104,1794,144613
2017,60,229,15698831,BROOKLYN SOUTH,8,16,142,235,61,382,49,893,107600
2017,61,209,13764630,BROOKLYN SOUTH,2,11,152,193,222,592,96,1268,166552
2017,62,194,12915897,BROOKLYN SOUTH,1,14,166,182,200,489,77,1129,193803
2017,63,181,12548299,BROOKLYN SOUTH,3,12,117,148,103,529,66,978,111450
2017,66,195,13564778,BROOKLYN SOUTH,0,11,103,152,159,406,81,912,201178
2017,67,332,24092968,BROOKLYN SOUTH,17,39,334,609,225,654,129,2007,160287
2017,68,172,11499637,BROOKLYN SOUTH,3,13,81,114,123,424,94,852,132597
2017,69,186,12929592,BROOKLYN SOUTH,7,17,139,221,89,306,75,854,88878
2017,70,386,17106833,BROOKLYN SOUTH,6,24,221,257,180,521,79,1288,163396
2017,71,276,18715925,BROOKLYN SOUTH,3,22,228,303,132,505,77,1270,100928
2017,72,217,13796176,BROOKLYN SOUTH,2,21,170,225,144,420,108,1090,131130
2017,73,336,22058200,BROOKLYN NORTH,9,32,354,578,202,351,84,1610,94894
2017,75,471,27910113,BROOKLYN NORTH,11,65,664,825,396,1051,219,3231,195694
2017,76,152,11492347,BROOKLYN SOUTH,2,6,48,88,74,237,21,476,46521
2017,77,273,18496678,BROOKLYN NORTH,6,24,209,296,181,373,64,1153,98110
2017,78,187,13721293,BROOKLYN SOUTH,0,9,83,93,131,471,72,859,71241
2017,79,308,21079343,BROOKLYN NORTH,5,28,278,325,289,521,84,1530,101306
2017,81,233,16058036,BROOKLYN NORTH,8,22,214,282,178,396,55,1155,67061
2017,83,280,17796971,BROOKLYN NORTH,4,28,277,301,334,466,110,1520,118253
2017,84,268,17791584,BROOKLYN NORTH,4,7,127,146,117,649,29,1079,60376
2017,88,200,13069005,BROOKLYN NORTH,1,9,101,148,144,328,42,773,60486
2017,90,236,15454282,BROOKLYN NORTH,7,20,197,258,271,695,124,1572,127014
2017,94,159,12941298,BROOKLYN NORTH,2,11,85,87,134,416,66,801,67797
2017,100,149,11650941,QUEENS SOUTH,1,9,52,143,73,157,21,456,49940
2017,101,224,15911618,QUEENS SOUTH,3,25,127,297,95,253,27,827,71482
2017,102,223,15006694,QUEENS SOUTH,6,19,141,176,154,306,124,926,150572
2017,103,301,19768049,QUEENS SOUTH,6,30,355,386,165,511,80,1533,116482
2017,104,216,13938266,QUEENS NORTH,2,16,144,187,263,523,152,1287,176320
2017,105,278,22132630,QUEENS SOUTH,6,21,214,392,302,609,161,1705,196027
2017,106,210,14606041,QUEENS SOUTH,6,11,214,233,205,489,113,1271,127306
2017,107,198,13508053,QUEENS SOUTH,0,22,170,138,186,515,83,1114,158313
2017,108,202,11675224,QUEENS NORTH,0,11,100,155,146,502,89,1003,130533
2017,109,252,17632024,QUEENS NORTH,1,22,195,252,276,893,138,1777,262912
2017,110,220,15174369,QUEENS NORTH,5,25,307,259,194,531,86,1407,178525
2017,111,164,13594942,QUEENS NORTH,1,3,39,58,167,416,59,743,120477
2017,112,173,12289000,QUEENS NORTH,0,7,40,55,91,386,43,622,117438
2017,113,219,20006830,QUEENS SOUTH,9,25,190,386,128,411,131,1280,130694
2017,114,252,15889226,QUEENS NORTH,3,29,211,347,215,683,105,1593,206797
2017,115,289,14192230,QUEENS NORTH,1,32,344,356,254,675,156,1818,176866
2017,120,399,28667597,STATEN ISLAND,5,32,139,312,154,331,88,1061,119518
2017,122,249,19250050,STATEN ISLAND,3,6,62,100,103,269,47,590,142881
2017,123,148,12741362,STATEN ISLAND,0,3,13,45,46,143,22,272,99926
2018,1,218,16879112,MANHATTAN SOUTH,1,23,80,61,85,1085,21,1356,81175
2018,5,190,13006562,MANHATTAN SOUTH,1,7,85,122,130,531,21,897,50992
2018,6,218,15611188,MANHATTAN SOUTH,1,20,153,121,163,1031,28,1517,64159
2018,7,174,13444339,MANHATTAN SOUTH,0,15,118,153,93,518,22,919,57659
2018,9,208,14954786,MANHATTAN SOUTH,0,40,85,149,161,835,32,1302,76049
2018,10,195,14699694,MANHATTAN SOUTH,1,19,81,97,78,744,26,1046,62492
2018,13,239,16358440,MANHATTAN SOUTH,2,18,152,174,195,1376,37,1954,98768
2018,17,207,12108273,MANHATTAN SOUTH,0,13,63,91,80,748,26,1021,87318
2018,19,272,17813970,MANHATTAN NORTH,1,14,138,147,227,1465,71,2063,217860
2018,20,191,12116042,MANHATTAN NORTH,0,13,61,83,82,656,28,923,112184
2018,23,242,15305750,MANHATTAN NORTH,4,9,145,316,72,296,21,863,74436
2018,24,204,12972948,MANHATTAN NORTH,3,15,139,122,141,598,56,1074,107283
2018,25,224,14368342,MANHATTAN NORTH,3,43,191,357,115,478,32,1219,50277
2018,26,174,11641765,MANHATTAN NORTH,1,11,107,100,61,381,22,683,49903
2018,28,209,15186238,MANHATTAN NORTH,0,18,156,204,102,445,22,947,48316
2018,30,220,13268261,MANHATTAN NORTH,3,19,159,193,85,321,27,807,60501
2018,32,270,18112361,MANHATTAN NORTH,5,20,193,314,124,329,41,1026,79180
2018,33,225,16473261,MANHATTAN NORTH,1,17,111,204,67,271,37,708,72670
2018,34,251,17372384,MANHATTAN NORTH,1,27,200,315,155,592,87,1377,109498
2018,40,327,21628404,BRONX,8,37,462,720,251,774,92,2344,99042
2018,41,231,14699726,BRONX,4,43,153,252,114,343,67,976,54012
2018,42,238,16903463,BRONX,8,33,239,512,225,356,100,1473,90956
2018,43,341,23469218,BRONX,14,45,299,589,179,663,151,1940,184836
2018,44,401,27148146,BRONX,11,44,382,613,215,668,120,2053,149637
2018,45,208,15346253,BRONX,0,13,127,239,138,555,106,1178,128805
2018,46,379,25163063,BRONX,9,28,315,586,190,478,86,1692,131707
2018,47,277,23674448,BRONX,5,44,337,726,294,520,205,2131,161306
2018,48,268,19502257,BRONX,11,29,276,396,182,424,76,1394,88026
2018,49,223,16092091,BRONX,7,25,176,307,171,439,95,1220,118847
2018,50,194,13239620,BRONX,7,15,110,147,105,458,97,939,105924
2018,52,342,21954627,BRONX,7,30,334,553,208,679,106,1917,145371
2018,60,229,17598831,BROOKLYN SOUTH,0,20,138,232,89,422,46,947,108074
2018,61,209,14964630,BROOKLYN SOUTH,1,17,150,170,169,584,72,1163,167539
2018,62,194,13075897,BROOKLYN SOUTH,2,20,120,148,178,482,67,1017,195492
2018,63,181,12548299,BROOKLYN SOUTH,5,14,88,131,92,495,62,887,111850
2018,66,195,13214778,BROOKLYN SOUTH,0,20,101,141,186,447,79,974,202578
2018,67,332,26542968,BROOKLYN SOUTH,6,43,246,601,225,586,98,1805,161007
2018,68,172,11499637,BROOKLYN SOUTH,2,16,59,129,96,387,86,775,133755
2018,69,186,13699592,BROOKLYN SOUTH,5,19,115,187,90,292,61,769,89506
2018,70,386,23721833,BROOKLYN SOUTH,6,27,162,273,173,527,75,1243,163787
2018,71,276,20055925,BROOKLYN SOUTH,8,26,166,349,143,464,68,1224,101285
2018,72,217,15346176,BROOKLYN SOUTH,2,32,185,209,153,468,77,1126,131830
2018,73,336,23458200,BROOKLYN NORTH,13,48,371,588,176,413,77,1686,96098
2018,75,471,33820113,BROOKLYN NORTH,7,70,603,940,441,1030,207,3298,197460
2018,76,152,12232347,BROOKLYN SOUTH,4,9,53,91,65,210,28,460,46940
2018,77,273,21736678,BROOKLYN NORTH,2,32,180,297,158,397,72,1138,99162
2018,78,187,14751293,BROOKLYN SOUTH,0,12,93,81,106,504,68,864,71895
2018,79,308,21779343,BROOKLYN NORTH,9,27,309,343,301,484,72,1545,102883
2018,81,233,17868036,BROOKLYN NORTH,10,15,234,274,218,399,48,1198,67681
2018,83,280,17202471,BROOKLYN NORTH,8,24,265,297,303,471,92,1460,119078
2018,84,268,19271584,BROOKLYN NORTH,2,18,147,177,126,650,31,1151,62116
2018,88,200,12689005,BROOKLYN NORTH,1,12,100,181,101,402,48,845,61781
2018,90,236,15454282,BROOKLYN NORTH,4,16,198,237,229,720,90,1494,128468
2018,94,159,17878036,BROOKLYN NORTH,1,6,63,115,141,535,62,923,69447
2018,100,149,12805941,QUEENS SOUTH,2,5,38,121,59,161,17,403,50229
2018,101,224,17761618,QUEENS SOUTH,6,26,151,301,98,250,31,863,72113
2018,102,223,17286694,QUEENS SOUTH,2,24,101,184,104,285,99,799,151480
2018,103,301,20898049,QUEENS SOUTH,5,31,346,408,152,466,79,1487,118007
2018,104,216,14778266,QUEENS NORTH,2,17,140,168,214,531,123,1195,177196
2018,105,278,24392630,QUEENS SOUTH,9,24,197,405,266,589,164,1654,197090
2018,106,210,16081041,QUEENS SOUTH,6,16,183,246,133,502,97,1183,128001
2018,107,198,15298053,QUEENS SOUTH,5,23,138,131,149,539,101,1086,159343
2018,108,202,12360224,QUEENS NORTH,2,12,90,108,109,490,114,925,133009
2018,109,252,22402024,QUEENS NORTH,6,30,202,219,324,970,126,1877,265135
2018,110,220,15289369,QUEENS NORTH,2,43,263,328,136,666,102,1540,179367
2018,111,164,13814942,QUEENS NORTH,0,7,35,74,163,361,37,677,121055
2018,112,173,12289000,QUEENS NORTH,0,18,41,53,69,403,37,621,118205
2018,113,219,20726830,QUEENS SOUTH,5,28,156,383,153,414,138,1277,132203
2018,114,252,20009226,QUEENS NORTH,10,42,193,356,171,787,132,1691,207373
2018,115,289,17107230,QUEENS NORTH,3,41,248,368,195,653,149,1657,177622
2018,120,399,26167597,STATEN ISLAND,10,34,147,274,152,304,61,982,120448
2018,122,249,18350050,STATEN ISLAND,0,12,43,109,89,315,47,615,143438
2018,123,148,13561362,STATEN ISLAND,0,2,11,44,24,198,31,310,100196
2019,1,218,16006406,MANHATTAN SOUTH,1,15,78,98,131,1044,19,1386,82987
2019,5,190,12527049,MANHATTAN SOUTH,6,14,91,163,101,585,16,976,50795
2019,6,218,14817316,MANHATTAN SOUTH,0,6,143,135,137,1072,41,1534,64401
2019,7,174,13685596,MANHATTAN SOUTH,0,7,149,187,94,507,18,962,57822
2019,9,208,14716083,MANHATTAN SOUTH,3,15,119,173,123,764,37,1234,76000
2019,10,195,14112134,MANHATTAN SOUTH,0,15,123,105,83,804,23,1153,64031
2019,13,239,16465459,MANHATTAN SOUTH,0,17,167,184,208,1395,43,2014,99409
2019,17,207,11973000,MANHATTAN SOUTH,0,10,60,96,100,834,16,1116,88342
2019,19,272,17138376,MANHATTAN NORTH,0,18,171,138,223,1658,65,2273,219060
2019,20,191,12174643,MANHATTAN NORTH,1,10,85,80,81,605,38,900,113379
2019,23,242,14630007,MANHATTAN NORTH,2,20,168,330,79,297,21,917,74602
2019,24,204,13123043,MANHATTAN NORTH,2,10,172,147,110,537,39,1017,107386
2019,25,224,16459605,MANHATTAN NORTH,3,23,172,329,108,461,21,1117,50636
2019,26,174,11819628,MANHATTAN NORTH,2,8,128,94,71,334,21,658,49952
2019,28,209,14830744,MANHATTAN NORTH,5,11,163,235,90,348,28,880,48758
2019,30,220,13263574,MANHATTAN NORTH,4,20,190,178,69,289,27,777,60478
2019,32,270,17537936,MANHATTAN NORTH,10,25,219,375,110,315,34,1088,80210
2019,33,225,16067817,MANHATTAN NORTH,4,11,146,202,114,264,38,779,72134
2019,34,251,16661780,MANHATTAN NORTH,6,22,226,283,122,557,62,1278,109053
2019,40,327,22057486,BRONX,10,26,474,719,255,722,118,2324,99985
2019,41,231,14728312,BRONX,5,30,164,265,119,311,54,948,54233
2019,42,238,16769641,BRONX,13,24,286,513,205,391,108,1540,92355
2019,43,341,23830492,BRONX,5,46,359,559,140,612,143,1864,186425
2019,44,401,27619231,BRONX,8,42,430,793,173,729,111,2286,150036
2019,45,208,15162715,BRONX,3,19,143,243,99,543,125,1175,129802
2019,46,379,24589286,BRONX,10,40,359,602,199,504,63,1777,132145
2019,47,277,22582192,BRONX,8,59,347,682,245,513,183,2037,162422
2019,48,268,19735476,BRONX,10,39,309,376,150,401,86,1371,88621
2019,49,223,16226835,BRONX,3,22,190,288,133,421,98,1155,119364
2019,50,194,13331158,BRONX,1,15,107,144,102,500,90,959,106450
2019,52,342,21092328,BRONX,8,34,363,564,184,726,78,1957,146129
2019,60,229,18233714,BROOKLYN SOUTH,6,18,121,252,85,425,39,946,108549
2019,61,209,14556503,BROOKLYN SOUTH,3,19,141,192,144,562,60,1121,168526
2019,62,194,13090763,BROOKLYN SOUTH,0,20,132,125,162,568,50,1057,197181
2019,63,181,13242132,BROOKLYN SOUTH,2,16,75,153,88,454,66,854,112251
2019,66,195,13264846,BROOKLYN SOUTH,1,23,116,146,164,478,69,997,203977
2019,67,332,26275028,BROOKLYN SOUTH,7,51,235,485,156,569,127,1630,161726
2019,68,172,11539166,BROOKLYN SOUTH,1,14,73,122,104,385,78,777,134913
2019,69,186,13872916,BROOKLYN SOUTH,2,25,91,146,63,286,72,685,90134
2019,70,386,23925187,BROOKLYN SOUTH,7,32,157,238,133,587,56,1210,164177
2019,71,276,19608531,BROOKLYN SOUTH,4,20,169,307,126,415,89,1130,101642
2019,72,217,15526488,BROOKLYN SOUTH,1,30,181,249,159,512,77,1209,132530
2019,73,336,22813612,BROOKLYN NORTH,11,48,293,592,166,363,75,1548,97302
2019,75,471,32689451,BROOKLYN NORTH,10,93,683,941,468,1034,296,3525,199227
2019,76,152,12625458,BROOKLYN SOUTH,0,2,42,76,64,187,23,394,47362
2019,77,273,20592685,BROOKLYN NORTH,14,20,196,255,127,344,69,1025,100214
2019,78,187,14984290,BROOKLYN SOUTH,0,11,79,99,104,497,40,830,72549
2019,79,308,21385593,BROOKLYN NORTH,10,15,261,365,259,556,77,1543,104461
2019,81,233,17249395,BROOKLYN NORTH,3,24,213,294,215,463,74,1286,68301
2019,83,280,17255814,BROOKLYN NORTH,9,31,237,351,247,531,113,1519,119910
2019,84,268,19922997,BROOKLYN NORTH,1,3,138,136,111,668,28,1085,63856
2019,88,200,12721533,BROOKLYN NORTH,1,18,144,203,122,450,35,973,63076
2019,90,236,15855867,BROOKLYN NORTH,5,20,179,234,202,583,72,1295,129922
2019,94,159,13097692,BROOKLYN NORTH,2,8,68,88,106,429,97,798,71097
2019,100,149,12692511,QUEENS SOUTH,2,16,40,144,46,162,42,452,50519
2019,101,224,17821849,QUEENS SOUTH,2,25,118,364,112,204,39,864,72744
2019,102,223,17317966,QUEENS SOUTH,5,26,114,187,88,224,70,714,152388
2019,103,301,20012234,QUEENS SOUTH,5,26,314,448,171,450,102,1516,119533
2019,104,216,15650842,QUEENS NORTH,4,28,189,207,180,607,141,1356,178072
2019,105,278,24498515,QUEENS SOUTH,8,30,180,365,181,648,212,1624,198154
2019,106,210,17296095,QUEENS SOUTH,5,20,138,273,131,549,109,1225,128696
2019,107,198,16147244,QUEENS SOUTH,2,28,158,179,231,520,87,1205,160372
2019,108,202,12800851,QUEENS NORTH,2,20,100,150,96,572,88,1028,135485
2019,109,252,22930355,QUEENS NORTH,3,37,209,295,343,944,91,1922,267358
2019,110,220,16312149,QUEENS NORTH,2,34,273,319,125,617,81,1451,180209
2019,111,164,13799416,QUEENS NORTH,1,7,25,80,193,389,47,742,121633
2019,112,173,12314413,QUEENS NORTH,0,16,40,62,51,331,36,536,118972
2019,113,219,19816194,QUEENS SOUTH,15,30,156,385,156,423,135,1300,133712
2019,114,252,19618282,QUEENS NORTH,2,34,184,364,196,782,136,1698,207949
2019,115,289,17878163,QUEENS NORTH,11,42,246,344,125,520,128,1416,178378
2019,120,399,26218675,STATEN ISLAND,3,23,94,282,91,286,59,838,121378
2019,122,249,18398743,STATEN ISLAND,6,10,40,81,64,272,38,511,143995
2019,123,148,13328060,STATEN ISLAND,3,4,12,62,32,170,25,308,100467
2020,1,218,15983572,MANHATTAN SOUTH,1,19,151,81,247,667,31,1197,84799
2020,5,190,12653786,MANHATTAN SOUTH,1,15,67,134,190,358,24,789,50598
2020,6,218,14328151,MANHATTAN SOUTH,1,7,142,152,346,721,58,1427,64643
2020,7,174,13658370,MANHATTAN SOUTH,2,14,116,122,178,454,55,941,57985
2020,9,208,14960336,MANHATTAN SOUTH,2,10,94,188,270,577,61,1202,75951
2020,10,195,14052328,MANHATTAN SOUTH,3,6,126,109,172,530,49,995,65570
2020,13,239,16858926,MANHATTAN SOUTH,3,13,166,204,381,910,83,1760,100050
2020,17,207,11936155,MANHATTAN SOUTH,0,13,64,66,185,577,48,953,89367
2020,19,272,17192285,MANHATTAN NORTH,1,12,237,113,384,1348,121,2216,220261
2020,20,191,12799171,MANHATTAN NORTH,1,5,90,52,152,491,44,835,114575
2020,23,242,14931912,MANHATTAN NORTH,9,17,168,318,154,346,66,1078,74769
2020,24,204,12994732,MANHATTAN NORTH,8,3,136,150,202,346,77,922,107489
2020,25,224,16688561,MANHATTAN NORTH,12,12,216,317,172,417,51,1197,50996
2020,26,174,12062000,MANHATTAN NORTH,2,10,93,115,113,241,47,621,50002
2020,28,209,14282512,MANHATTAN NORTH,7,15,143,207,147,317,47,883,49200
2020,30,220,13100324,MANHATTAN NORTH,4,13,164,167,103,264,59,774,60456
2020,32,270,18137988,MANHATTAN NORTH,9,21,167,387,128,321,67,1100,81240
2020,33,225,15918367,MANHATTAN NORTH,4,12,167,205,228,256,87,959,71598
2020,34,251,16550497,MANHATTAN NORTH,7,16,205,213,226,444,166,1277,108608
2020,40,327,22104790,BRONX,13,30,440,722,279,730,177,2391,100929
2020,41,231,14512025,BRONX,5,32,197,266,149,294,109,1052,54454
2020,42,238,17241463,BRONX,14,28,332,549,243,400,155,1721,93755
2020,43,341,24319173,BRONX,9,36,399,671,244,680,233,2272,188015
2020,44,401,27901283,BRONX,14,35,414,749,253,671,182,2318,150436
2020,45,208,15065003,BRONX,2,16,125,231,101,427,150,1052,130799
2020,46,379,23601066,BRONX,7,23,359,600,379,570,126,2064,132584
2020,47,277,21541366,BRONX,12,44,321,678,241,433,285,2014,163539
2020,48,268,19214448,BRONX,15,29,300,461,237,421,150,1613,89216
2020,49,223,15454351,BRONX,6,17,181,253,167,397,191,1212,119881
2020,50,194,12968865,BRONX,3,12,88,158,150,461,152,1024,106976
2020,52,342,20937632,BRONX,11,25,345,489,236,611,186,1903,146888
2020,60,229,18498849,BROOKLYN SOUTH,10,22,123,219,140,322,68,904,109024
2020,61,209,14307108,BROOKLYN SOUTH,3,16,138,215,215,469,146,1202,169513
2020,62,194,13687862,BROOKLYN SOUTH,3,13,110,146,150,459,95,976,198870
2020,63,181,13520156,BROOKLYN SOUTH,2,11,102,152,97,401,110,875,112652
2020,66,195,13365437,BROOKLYN SOUTH,5,16,114,160,171,394,125,985,205377
2020,67,332,27205686,BROOKLYN SOUTH,14,40,263,552,195,426,179,1669,162446
2020,68,172,11905743,BROOKLYN SOUTH,3,16,73,130,141,326,135,824,136071
2020,69,186,13673822,BROOKLYN SOUTH,4,26,84,208,110,215,96,743,90763
2020,70,386,23714747,BROOKLYN SOUTH,10,32,190,324,217,472,155,1400,164568
2020,71,276,19156418,BROOKLYN SOUTH,8,20,132,316,143,269,122,1010,102000
2020,72,217,15527203,BROOKLYN SOUTH,0,17,168,210,181,418,98,1092,133230
2020,73,336,22911625,BROOKLYN NORTH,25,30,250,580,195,290,99,1469,98506
2020,75,471,33004721,BROOKLYN NORTH,26,62,620,858,433,958,426,3383,200994
2020,76,152,12569808,BROOKLYN SOUTH,6,5,42,87,94,146,45,425,47789
2020,77,273,20444335,BROOKLYN NORTH,20,19,179,263,193,292,103,1069,101267
2020,78,187,14908040,BROOKLYN SOUTH,2,9,106,95,116,372,74,774,73203
2020,79,308,21180514,BROOKLYN NORTH,10,23,199,368,333,398,85,1416,106039
2020,81,233,17648965,BROOKLYN NORTH,8,21,179,282,242,385,115,1232,68921
2020,83,280,17661100,BROOKLYN NORTH,4,23,251,313,350,550,176,1167,120747
2020,84,268,18800078,BROOKLYN NORTH,3,5,108,156,181,414,51,918,65597
2020,88,200,12634064,BROOKLYN NORTH,6,12,121,224,131,309,70,873,64372
2020,90,236,15874292,BROOKLYN NORTH,3,17,167,235,364,531,135,1452,131377
2020,94,159,13017526,BROOKLYN NORTH,0,10,71,99,247,441,143,1011,72748
2020,100,149,12532246,QUEENS SOUTH,5,5,52,153,62,155,33,465,50809
2020,101,224,18136778,QUEENS SOUTH,10,15,98,300,84,161,48,716,73376
2020,102,223,17311520,QUEENS SOUTH,5,23,129,248,155,275,152,987,153297
2020,103,301,20584097,QUEENS SOUTH,8,20,348,447,226,439,170,1658,121059
2020,104,216,15975944,QUEENS NORTH,0,14,182,288,323,599,182,1588,178948
2020,105,278,25305817,QUEENS SOUTH,8,36,175,428,216,580,289,1732,199218
2020,106,210,17084814,QUEENS SOUTH,3,10,179,282,161,525,192,1352,129391
2020,107,198,16098203,QUEENS SOUTH,0,20,153,134,204,526,162,1199,161402
2020,108,202,12938351,QUEENS NORTH,2,11,115,156,191,424,167,1066,137962
2020,109,252,23610329,QUEENS NORTH,3,30,199,259,441,877,159,1968,269581
2020,110,220,16200838,QUEENS NORTH,7,29,270,357,196,484,138,1481,181051
2020,111,164,13822306,QUEENS NORTH,1,3,25,77,239,358,79,782,122211
2020,112,173,12940761,QUEENS NORTH,0,8,54,52,127,295,68,604,119739
2020,113,219,20227127,QUEENS SOUTH,8,34,149,390,160,391,196,1328,135221
2020,114,252,20251282,QUEENS NORTH,7,22,191,357,273,698,245,1793,208525
2020,115,289,17972579,QUEENS NORTH,11,29,219,311,167,526,204,1467,179134
2020,120,399,26776288,STATEN ISLAND,12,24,103,238,105,260,73,815,122308
2020,122,249,18356669,STATEN ISLAND,1,7,49,110,92,235,72,566,144552
2020,123,148,13281550,STATEN ISLAND,0,4,14,59,41,178,45,341,100738
2021,1,218,15852856,MANHATTAN SOUTH,2,15,135,121,191,848,68,1380,86611
2021,5,190,12149493,MANHATTAN SOUTH,5,20,74,133,112,421,31,796,50401
2021,6,218,14235060,MANHATTAN SOUTH,0,13,190,171,234,865,54,1527,64884
2021,7,174,12897450,MANHATTAN SOUTH,5,9,118,202,128,592,55,1109,58148
2021,9,208,14334032,MANHATTAN SOUTH,3,20,182,206,298,815,94,1618,75901
2021,10,195,13838961,MANHATTAN SOUTH,1,12,141,130,135,529,64,1012,67109
2021,13,239,15994894,MANHATTAN SOUTH,1,23,190,216,232,828,59,1549,100691
2021,17,207,13291727,MANHATTAN SOUTH,0,8,93,125,149,548,48,971,90391
2021,19,272,17175062,MANHATTAN NORTH,2,13,174,152,253,1215,169,1978,221461
2021,20,191,12672138,MANHATTAN NORTH,0,7,115,86,81,744,87,1120,115770
2021,23,242,14483697,MANHATTAN NORTH,8,16,189,366,109,383,60,1131,74935
2021,24,204,12899013,MANHATTAN NORTH,1,14,146,184,136,475,89,1045,107591
2021,25,224,15835426,MANHATTAN NORTH,16,12,242,382,108,401,66,1227,51355
2021,26,174,12155130,MANHATTAN NORTH,2,5,74,158,77,273,47,636,50051
2021,28,209,14679150,MANHATTAN NORTH,2,9,172,245,153,384,52,1017,49641
2021,30,220,14582800,MANHATTAN NORTH,3,7,106,187,111,334,59,807,60433
2021,32,270,16899916,MANHATTAN NORTH,16,18,183,519,168,320,54,1278,82269
2021,33,225,15801183,MANHATTAN NORTH,5,15,232,301,130,363,80,1126,71062
2021,34,251,16259593,MANHATTAN NORTH,12,13,211,275,139,589,215,1454,108162
2021,40,327,22145663,BRONX,17,29,438,701,197,737,201,2320,101872
2021,41,231,15021558,BRONX,11,31,208,308,117,335,146,1156,54674
2021,42,238,17144397,BRONX,19,39,342,628,209,488,232,1957,95154
2021,43,341,23043498,BRONX,16,44,527,711,255,814,446,2813,189604
2021,44,401,27126549,BRONX,22,37,534,858,273,827,175,2726,150835
2021,45,208,14538613,BRONX,5,14,170,234,117,500,310,1350,131795
2021,46,379,22500211,BRONX,12,26,384,591,181,640,168,2002,133022
2021,47,277,20883992,BRONX,16,41,376,731,247,543,576,2530,164655
2021,48,268,18325761,BRONX,13,36,356,475,222,477,201,1780,89811
2021,49,223,16735683,BRONX,9,22,220,286,154,439,270,1400,120397
2021,50,194,13378527,BRONX,1,17,106,155,96,496,156,1027,107501
2021,52,342,20648925,BRONX,7,32,376,551,183,727,216,2092,147646
2021,60,229,18000204,BROOKLYN SOUTH,10,11,106,350,169,443,72,1161,109498
2021,61,209,14235042,BROOKLYN SOUTH,1,8,114,237,152,482,93,1087,170499
2021,62,194,13206345,BROOKLYN SOUTH,3,20,114,170,147,606,119,1179,200558
2021,63,181,12831246,BROOKLYN SOUTH,1,16,81,163,103,420,84,868,113052
2021,66,195,13690645,BROOKLYN SOUTH,1,8,78,166,163,490,84,990,206776
2021,67,332,25469952,BROOKLYN SOUTH,13,28,251,646,165,496,233,1832,163165
2021,68,172,12241394,BROOKLYN SOUTH,1,14,50,88,125,384,90,752,137229
2021,69,186,13037229,BROOKLYN SOUTH,11,16,60,216,76,186,96,661,91391
2021,70,386,22149889,BROOKLYN SOUTH,5,24,180,354,208,510,129,1410,164958
2021,71,276,18583685,BROOKLYN SOUTH,2,24,120,310,103,275,120,954,102357
2021,72,217,14829558,BROOKLYN SOUTH,2,28,173,217,168,569,90,1247,133930
2021,73,336,22977778,BROOKLYN NORTH,23,33,231,638,154,325,176,1580,99709
2021,75,471,31920803,BROOKLYN NORTH,25,54,627,947,406,1078,524,3661,202760
2021,76,152,12209354,BROOKLYN SOUTH,5,3,35,93,80,126,64,406,48219
2021,77,273,19558310,BROOKLYN NORTH,11,29,155,309,146,283,104,1037,102319
2021,78,187,13417911,BROOKLYN SOUTH,1,11,93,107,149,479,71,911,73856
2021,79,308,20524770,BROOKLYN NORTH,9,14,216,385,245,381,93,1343,107616
2021,81,233,17071403,BROOKLYN NORTH,10,12,181,337,181,378,100,1199,69540
2021,83,280,17924881,BROOKLYN NORTH,7,29,251,317,275,586,173,1638,121589
2021,84,268,17889757,BROOKLYN NORTH,1,10,141,169,163,534,45,1063,67337
2021,88,200,13142665,BROOKLYN NORTH,3,7,99,139,101,285,58,692,65667
2021,90,236,15596611,BROOKLYN NORTH,5,20,143,218,236,520,155,1297,132831
2021,94,159,13026755,BROOKLYN NORTH,0,12,83,104,233,448,104,984,74398
2021,100,149,11820595,QUEENS SOUTH,1,12,21,111,39,137,25,346,51098
2021,101,224,17582192,QUEENS SOUTH,11,22,105,286,71,166,46,707,74007
2021,102,223,16599089,QUEENS SOUTH,5,22,125,264,121,310,237,1084,154205
2021,103,301,20186782,QUEENS SOUTH,8,21,340,521,188,477,150,1705,122584
2021,104,216,15615526,QUEENS NORTH,2,19,142,259,245,592,214,1473,179823
2021,105,278,24077332,QUEENS SOUTH,7,43,152,402,164,493,170,1431,200281
2021,106,210,15939848,QUEENS SOUTH,5,13,203,339,130,516,216,1422,130086
2021,107,198,15423515,QUEENS SOUTH,3,20,140,155,199,448,157,1122,162431
2021,108,202,13177652,QUEENS NORTH,2,15,126,205,178,515,182,1223,140438
2021,109,252,22417710,QUEENS NORTH,6,16,145,203,384,1161,198,2113,271803
2021,110,220,15604506,QUEENS NORTH,4,40,257,419,183,1013,186,2102,181892
2021,111,164,13756889,QUEENS NORTH,0,7,29,79,266,408,71,860,122789
2021,112,173,12347482,QUEENS NORTH,0,10,60,66,94,377,69,676,120505
2021,113,219,19950823,QUEENS SOUTH,13,23,161,388,128,367,203,1283,136729
2021,114,252,19082217,QUEENS NORTH,10,36,205,406,228,756,240,1881,209100
2021,115,289,17305581,QUEENS NORTH,6,31,250,385,151,910,210,1943,179889
2021,120,399,28790672,STATEN ISLAND,8,22,85,269,61,276,78,799,123238
2021,122,249,19369546,STATEN ISLAND,3,6,44,124,69,333,83,662,145109
2021,123,148,13001576,STATEN ISLAND,1,2,11,31,26,202,65,338,101008
2022,1,218,15942856,MANHATTAN SOUTH,0,21,135,131,255,1220,72,1834,88423
2022,5,190,12530493,MANHATTAN SOUTH,4,16,99,203,167,633,30,1152,50204
2022,6,218,14235676,MANHATTAN SOUTH,3,13,247,180,424,1372,58,2297,65126
2022,7,174,12897930,MANHATTAN SOUTH,3,17,178,210,157,754,59,1378,58311
2022,9,208,14538649,MANHATTAN SOUTH,7,19,222,207,370,1040,55,1920,75852
2022,10,195,13396923,MANHATTAN SOUTH,6,11,151,138,171,712,79,1268,68648
2022,13,239,16093434,MANHATTAN SOUTH,2,18,190,242,280,1028,70,1830,101332
2022,17,207,13291727,MANHATTAN SOUTH,1,16,94,113,186,669,68,1147,91415
2022,19,272,17175062,MANHATTAN NORTH,2,12,229,173,278,1723,192,2609,222661
2022,20,191,12622138,MANHATTAN NORTH,0,14,116,102,136,826,75,1269,116965
2022,23,242,14775197,MANHATTAN NORTH,4,18,188,395,204,478,89,1376,75101
2022,24,204,12899861,MANHATTAN NORTH,1,9,150,188,180,526,89,1143,107694
2022,25,224,15254542,MANHATTAN NORTH,9,13,236,439,184,608,89,1578,51714
2022,26,174,12155669,MANHATTAN NORTH,1,16,104,142,118,341,79,801,50100
2022,28,209,14679150,MANHATTAN NORTH,3,10,173,225,179,404,54,1048,50083
2022,30,220,14579185,MANHATTAN NORTH,6,18,132,223,71,338,90,878,60410
2022,32,270,17195533,MANHATTAN NORTH,8,25,213,522,207,342,79,1396,83299
2022,33,225,15801799,MANHATTAN NORTH,2,13,200,265,104,300,136,1020,70526
2022,34,251,16109593,MANHATTAN NORTH,6,23,277,310,157,593,297,1663,107717
2022,40,327,24360663,BRONX,15,31,559,850,365,751,305,2876,102815
2022,41,231,15021558,BRONX,5,31,303,426,159,399,231,1554,54895
2022,42,238,18977397,BRONX,8,44,437,671,314,515,293,2282,96553
2022,43,341,23385883,BRONX,6,48,748,806,301,1039,562,3510,191193
2022,44,401,27615051,BRONX,19,36,713,1047,421,935,395,3566,151235
2022,45,208,15495385,BRONX,5,13,235,265,109,607,323,1557,132792
2022,46,379,22931981,BRONX,17,34,385,730,219,609,219,2213,133460
2022,47,277,21500992,BRONX,16,45,460,738,300,761,462,2782,165772
2022,48,268,18275761,BRONX,14,26,447,646,252,467,304,2156,90406
2022,49,223,16783183,BRONX,9,17,273,367,134,611,372,1783,120914
2022,50,194,14249297,BRONX,3,23,185,212,126,697,288,1534,108027
2022,52,342,20648925,BRONX,14,37,411,604,192,668,254,2180,148404
2022,60,229,18444629,BROOKLYN SOUTH,5,16,179,373,159,527,121,1380,109973
2022,61,209,16268082,BROOKLYN SOUTH,4,8,213,254,248,739,187,1653,171486
2022,62,194,14106615,BROOKLYN SOUTH,6,17,119,184,185,720,150,1381,202247
2022,63,181,14215708,BROOKLYN SOUTH,1,10,114,170,119,537,135,1086,113453
2022,66,195,13708779,BROOKLYN SOUTH,1,19,94,214,189,644,115,1276,208176
2022,67,332,25870991,BROOKLYN SOUTH,17,30,321,639,222,679,241,2149,163884
2022,68,172,12681589,BROOKLYN SOUTH,2,11,57,101,96,502,109,878,138387
2022,69,186,13433922,BROOKLYN SOUTH,5,13,110,215,95,246,153,837,92019
2022,70,386,21299889,BROOKLYN SOUTH,3,32,199,357,189,516,122,1418,165348
2022,71,276,17569301,BROOKLYN SOUTH,9,13,158,344,134,384,146,1188,102714
2022,72,217,15231674,BROOKLYN SOUTH,4,26,191,298,251,791,138,1699,134630
2022,73,336,24978894,BROOKLYN NORTH,22,36,350,707,191,407,187,1900,100913
2022,75,471,32086303,BROOKLYN NORTH,25,55,747,1083,373,1304,519,4106,204527
2022,76,152,12428548,BROOKLYN SOUTH,1,8,65,105,114,217,55,565,48652
2022,77,273,21287081,BROOKLYN NORTH,11,24,211,360,180,429,137,1352,103371
2022,78,187,14037219,BROOKLYN SOUTH,5,10,128,146,147,638,123,1197,74510
2022,79,308,20268041,BROOKLYN NORTH,9,24,184,451,237,414,101,1420,109194
2022,81,233,17072519,BROOKLYN NORTH,5,22,154,335,211,430,138,1295,70160
2022,83,280,17925575,BROOKLYN NORTH,3,38,316,374,298,701,239,1969,122438
2022,84,268,17880757,BROOKLYN NORTH,1,10,136,178,178,636,68,1207,69077
2022,88,200,13142665,BROOKLYN NORTH,0,13,107,176,123,337,97,853,66962
2022,90,236,16335130,BROOKLYN NORTH,0,18,177,270,301,662,184,1612,134285
2022,94,159,13027218,BROOKLYN NORTH,1,14,143,157,270,606,195,1386,76048
2022,100,149,12232595,QUEENS SOUTH,1,11,50,107,55,170,59,453,51388
2022,101,224,17684040,QUEENS SOUTH,8,19,93,235,72,161,56,644,74638
2022,102,223,16571589,QUEENS SOUTH,5,20,201,385,157,385,263,1416,155113
2022,103,301,19649282,QUEENS SOUTH,12,34,390,576,210,601,212,2035,124110
2022,104,216,16190143,QUEENS NORTH,3,20,223,312,274,638,317,1787,180699
2022,105,278,24181144,QUEENS SOUTH,10,14,176,415,217,622,272,1726,201345
2022,106,210,16674848,QUEENS SOUTH,5,19,221,342,143,669,225,1624,130781
2022,107,198,15328015,QUEENS SOUTH,1,20,187,215,238,658,279,1598,163461
2022,108,202,13636152,QUEENS NORTH,1,20,191,218,175,694,238,1537,142914
2022,109,252,22537803,QUEENS NORTH,6,41,306,348,617,1476,308,3102,274026
2022,110,220,16095006,QUEENS NORTH,8,39,398,516,159,1152,237,2509,182734
2022,111,164,13912082,QUEENS NORTH,0,5,83,101,316,674,131,1310,123367
2022,112,173,13074367,QUEENS NORTH,2,15,88,85,119,488,107,904,121272
2022,113,219,20999094,QUEENS SOUTH,9,36,134,389,125,443,240,1376,138238
2022,114,252,20127717,QUEENS NORTH,4,26,266,489,269,883,360,2297,209676
2022,115,289,16569581,QUEENS NORTH,3,38,312,410,152,970,320,2205,180645
2022,120,399,28791443,STATEN ISLAND,7,14,117,386,124,338,136,1122,124168
2022,122,249,19370626,STATEN ISLAND,1,8,63,128,92,373,136,801,145666
2022,123,148,13044192,STATEN ISLAND,2,3,22,53,43,271,126,520,101279
2023,1,218,17066654,MANHATTAN SOUTH,0,17,133,147,201,1313,78,1889,90515
2023,5,190,12539894,MANHATTAN SOUTH,6,6,116,183,172,726,43,1252,50024
2023,6,218,14585013,MANHATTAN SOUTH,1,9,195,195,294,1325,48,2067,65347
2023,7,174,13208116,MANHATTAN SOUTH,2,10,141,212,170,589,69,1193,58468
2023,9,208,14832973,MANHATTAN SOUTH,1,18,188,221,271,971,45,1715,75805
2023,10,195,13634074,MANHATTAN SOUTH,0,9,135,159,137,759,77,1276,70467
2023,13,239,16175025,MANHATTAN SOUTH,2,12,174,220,219,1063,65,1755,101970
2023,17,207,13651269,MANHATTAN SOUTH,1,7,112,106,136,687,64,1113,92483
2023,19,272,17428628,MANHATTAN NORTH,3,9,137,184,130,1979,83,2525,223845
2023,20,191,12954296,MANHATTAN NORTH,4,10,102,110,111,744,94,1175,118200
2023,23,242,15215143,MANHATTAN NORTH,6,14,209,424,142,472,89,1316,75260
2023,24,204,13659962,MANHATTAN NORTH,1,9,150,188,180,526,89,1143,107791
2023,25,224,15924263,MANHATTAN NORTH,7,15,280,397,117,552,93,1461,52073
2023,26,174,12420620,MANHATTAN NORTH,1,10,155,182,93,394,102,937,50146
2023,28,209,14999356,MANHATTAN NORTH,4,7,179,234,106,383,66,979,50533
2023,30,220,14839914,MANHATTAN NORTH,3,5,135,229,73,358,109,912,60388
2023,32,270,17338166,MANHATTAN NORTH,11,29,226,450,174,443,141,1474,84386
2023,33,225,15935164,MANHATTAN NORTH,8,8,177,243,115,359,142,1052,70051
2023,34,251,16544175,MANHATTAN NORTH,4,14,215,349,151,575,231,1539,107311
2023,40,327,24506075,BRONX,12,40,668,1025,326,750,340,3161,103779
2023,41,231,15263205,BRONX,10,23,332,484,179,451,290,1769,55110
2023,42,238,19049544,BRONX,12,31,435,711,205,530,413,2337,98063
2023,43,401,24014326,BRONX,11,41,542,828,327,929,649,3327,192805
2023,44,379,27831031,BRONX,15,42,564,1073,456,781,463,3394,151619
2023,45,268,15807107,BRONX,5,17,203,295,129,673,503,1825,133795
2023,46,342,23062996,BRONX,13,23,367,797,165,549,279,2193,133884
2023,47,194,22588923,BRONX,11,41,477,877,262,796,622,3086,166887
2023,48,208,19213607,BRONX,13,31,464,716,239,542,330,2335,90999
2023,49,223,17145127,BRONX,5,23,284,422,232,689,527,2182,121419
2023,50,341,14372569,BRONX,5,8,163,197,141,696,353,1563,108543
2023,52,277,21434767,BRONX,9,39,485,693,229,731,337,2523,149150
2023,60,229,18568336,BROOKLYN SOUTH,6,11,173,370,111,466,118,1255,110436
2023,61,209,16616691,BROOKLYN SOUTH,4,15,175,256,225,645,202,1522,172463
2023,62,194,14904956,BROOKLYN SOUTH,4,19,144,226,211,655,164,1423,203960
2023,63,181,15368551,BROOKLYN SOUTH,3,15,114,158,86,647,140,1163,113841
2023,66,195,14180742,BROOKLYN SOUTH,2,23,92,219,122,549,156,1163,209574
2023,67,332,26081674,BROOKLYN SOUTH,17,41,255,655,192,664,209,2033,164587
2023,68,172,13509350,BROOKLYN SOUTH,3,8,73,141,96,433,134,888,139562
2023,69,186,14135687,BROOKLYN SOUTH,4,19,113,239,55,219,166,815,92647
2023,70,386,21710888,BROOKLYN SOUTH,6,21,167,342,120,499,124,1279,165722
2023,71,276,17728452,BROOKLYN SOUTH,5,18,129,359,80,407,99,1097,103060
2023,72,217,15956632,BROOKLYN SOUTH,4,16,163,284,135,555,182,1339,135319
2023,73,336,25292057,BROOKLYN NORTH,7,35,278,686,126,339,149,1620,102178
2023,75,471,32385117,BROOKLYN NORTH,24,61,696,1084,355,1083,551,3854,206324
2023,76,152,12594216,BROOKLYN SOUTH,1,5,66,103,84,169,63,491,49090
2023,77,273,21496523,BROOKLYN NORTH,7,22,229,418,189,400,163,1428,104458
2023,78,187,15356215,BROOKLYN SOUTH,2,10,124,178,181,553,128,1176,75176
2023,79,308,20669285,BROOKLYN NORTH,10,23,215,406,230,434,134,1452,110896
2023,81,233,17275918,BROOKLYN NORTH,6,19,152,305,141,335,106,1064,70792
2023,83,280,18328847,BROOKLYN NORTH,4,22,388,473,248,717,234,2086,123293
2023,84,268,18180411,BROOKLYN NORTH,1,5,158,251,183,670,82,1350,71208
2023,88,200,13395901,BROOKLYN NORTH,3,11,103,179,105,314,104,819,68437
2023,90,236,16454168,BROOKLYN NORTH,5,12,199,315,280,793,187,1791,135796
2023,94,159,13333564,BROOKLYN NORTH,0,6,119,114,176,675,155,1245,77981
2023,100,149,12685324,QUEENS SOUTH,0,5,41,123,42,180,48,439,51674
2023,101,224,17721280,QUEENS SOUTH,4,19,92,265,72,178,82,712,75279
2023,102,223,17234103,QUEENS SOUTH,7,17,185,383,143,342,318,1395,156013
2023,103,301,20251921,QUEENS SOUTH,2,29,389,654,165,579,225,2043,125719
2023,104,216,15833924,QUEENS NORTH,4,21,226,291,204,694,379,1819,181559
2023,105,278,24300345,QUEENS SOUTH,2,24,173,428,234,685,352,1898,202393
2023,106,210,16612316,QUEENS SOUTH,2,22,208,378,146,616,262,1634,131466
2023,107,198,16156238,QUEENS SOUTH,1,16,140,249,262,629,339,1636,164485
2023,108,202,13661041,QUEENS NORTH,0,26,264,238,229,751,313,1821,145671
2023,109,252,23293022,QUEENS NORTH,3,34,328,458,558,1342,509,3232,276276
2023,110,220,16158391,QUEENS NORTH,3,39,478,734,189,1075,336,2854,183558
2023,111,164,14821918,QUEENS NORTH,2,10,61,100,330,613,195,1311,123933
2023,112,173,13637344,QUEENS NORTH,0,6,72,109,118,475,173,953,122035
2023,113,219,21286574,QUEENS SOUTH,8,30,140,361,86,376,233,1234,139808
2023,114,252,20752787,QUEENS NORTH,8,40,279,509,224,920,430,2410,210231
2023,115,289,16525730,QUEENS NORTH,4,27,365,481,136,863,337,2213,181382
2023,120,399,29273345,STATEN ISLAND,12,19,163,470,142,414,156,1376,125104
2023,122,249,19873478,STATEN ISLAND,2,8,50,169,100,474,109,912,146208
2023,123,148,13394487,STATEN ISLAND,1,2,20,88,57,286,79,533,101539
